client_id,sentence,up_votes,down_votes,age,accents,clip,duration_ms,lang_code
9b4966ad0f17b92511075e9b0936cd7daca30885616011980a6930510e3aa547628ce9e55dfc03f5de2ea315e42a2f0243a70cc136b2814096779d9ff66e958d,The town has no rail service.,2,0,thirties,England English,common_voice_en_42833981.mp3,3528,en
a05b9ecae26781f34867ab828f329f8e54b3998ad32ebb2e41158df7213b314d9a21cb117378ed356ebeafcd12e42af3e2fbd25b671f43f9d91e613e47491ada,Wrote several Book's as well.,4,0,twenties,England English,common_voice_en_42788519.mp3,3996,en
534bcfba42bc74666812ef2858564e1d5766b1ad4f93f99d158cb508dae166665921085feceed2783a92e9211c2df261cec32f118d532ff4f59906948ff28cb9,A Halloween special was also released on the same day.,2,0,thirties,England English,common_voice_en_43208180.mp3,4176,en
5ab2c81243fc9e565a7e6a4f7b366f528e2c72bccdc5fa205351317f397375b48ec7d6705e1096f015e3f99d76f55cfd04ad6a37e44d721b25f5c4cd95cbd4d5,Mandaic is written in the Mandaic alphabet.,2,0,twenties,England English,common_voice_en_42699891.mp3,4500,en
9b4966ad0f17b92511075e9b0936cd7daca30885616011980a6930510e3aa547628ce9e55dfc03f5de2ea315e42a2f0243a70cc136b2814096779d9ff66e958d,He worked for the Inland Revenue as an inspector of taxes.,2,0,thirties,England English,common_voice_en_42833542.mp3,4716,en
2e35c72991f5a62c0d74751f899d2b79dcf653684843e85bd45dd139ea10c229d1cce746522010c9faf0b74cbac56137be56f6fc10ca418307457b1e4046803b,Sato is an external director on the board of Hitachi.,2,0,thirties,England English,common_voice_en_42812198.mp3,4788,en
5ab2c81243fc9e565a7e6a4f7b366f528e2c72bccdc5fa205351317f397375b48ec7d6705e1096f015e3f99d76f55cfd04ad6a37e44d721b25f5c4cd95cbd4d5,The Caliph had Yahya brought to him and confronted the two men.,2,0,twenties,England English,common_voice_en_42699890.mp3,4788,en
2e35c72991f5a62c0d74751f899d2b79dcf653684843e85bd45dd139ea10c229d1cce746522010c9faf0b74cbac56137be56f6fc10ca418307457b1e4046803b,They had five children and four grandchildren.,2,0,thirties,England English,common_voice_en_42812009.mp3,4860,en
250865835380a9b8bd3c5e06e96fef3af22b314fda5005ed2a570c73f8dd7ed10313e00edf4cdef4195d0b6e6471ac114dcfe579c9f7e96f0260600c23320d4f,"As I stepped onto the plane, I was amazed at how big it was.",2,0,thirties,England English,common_voice_en_42814003.mp3,5040,en
7bcd7cf9609bc41d62192bbe649e9f31b946c088739603d4d409ddda957fce17b48949a3bf9e79ce2a78e4d7a7455f49b81f5ed43c4e2eea6a187210a48d415e,Both tours were canceled due to the Coronavirus pandemic.,4,0,twenties,England English,common_voice_en_42809713.mp3,5076,en
534bcfba42bc74666812ef2858564e1d5766b1ad4f93f99d158cb508dae166665921085feceed2783a92e9211c2df261cec32f118d532ff4f59906948ff28cb9,"White now must retreat the knight, or sacrifice it.",2,0,thirties,England English,common_voice_en_43208189.mp3,5148,en
a05b9ecae26781f34867ab828f329f8e54b3998ad32ebb2e41158df7213b314d9a21cb117378ed356ebeafcd12e42af3e2fbd25b671f43f9d91e613e47491ada,But the tour fell apart when we hit Port Hedland.,2,0,twenties,England English,common_voice_en_42788567.mp3,5220,en
77d55c2340189f6907410356ec639472691ce6f715fb5b36e5dce6862a94cd50a61380e94f3814420950793fbaeb7de5f242cc4bca01a611498e0fe7b2de75b0,It draws attention to them and may influence the results of the poll.,2,0,twenties,England English,common_voice_en_42808952.mp3,5220,en
9b4966ad0f17b92511075e9b0936cd7daca30885616011980a6930510e3aa547628ce9e55dfc03f5de2ea315e42a2f0243a70cc136b2814096779d9ff66e958d,Its control surfaces are all hydraulically actuated.,2,0,thirties,England English,common_voice_en_42844892.mp3,5220,en
9b4966ad0f17b92511075e9b0936cd7daca30885616011980a6930510e3aa547628ce9e55dfc03f5de2ea315e42a2f0243a70cc136b2814096779d9ff66e958d,Glass bricks are produced for both wall and floor applications.,2,0,thirties,England English,common_voice_en_42833994.mp3,5436,en
3ec5458ed7ab1b3c73af190e803c21db1f1a3a4a4e1721955cbc03f760992067d4ac2cd47d63fb9c7011437dc1696910a2dd8be5dc5ed1092f6e4ae1fdf4693e,The village is about seven miles north of Barnstaple.,2,0,twenties,England English,common_voice_en_42805882.mp3,5544,en
9b4966ad0f17b92511075e9b0936cd7daca30885616011980a6930510e3aa547628ce9e55dfc03f5de2ea315e42a2f0243a70cc136b2814096779d9ff66e958d,Microsoft did not really provide such fonts for computers sold in Romania.,2,0,thirties,England English,common_voice_en_42844893.mp3,6120,en
bcacbd20b21ae74bdd0da80bcb887c5f68a9d7d43f6431457ae65401e720ad49ead9173e446dfbcf054a134ffa917b31d8b2506c2d7fe12f9f21b2057d4eea3e,"For many years after Galien was established, he was president of the village.",2,0,thirties,England English,common_voice_en_42789325.mp3,6192,en
0f96302cb9d236c534f6608f1b152eeba8ea295b975d829bde366bba47ecd40f594e8cba39e0892ae4c714b1e354a6378ee3c88c75d45d1762597f95768c0aee,"Five days later, Royal Marines boarded the platform and ended the broadcasting.",2,0,thirties,England English,common_voice_en_42798328.mp3,6300,en
9b4966ad0f17b92511075e9b0936cd7daca30885616011980a6930510e3aa547628ce9e55dfc03f5de2ea315e42a2f0243a70cc136b2814096779d9ff66e958d,The crimes are therefore to be punished in accordance with existing canon provisions.,2,0,thirties,England English,common_voice_en_42833966.mp3,6300,en
b3af1ea903c9959897c309b394dd054ab15ba0809ac4cbaf08c1b4397b5200b9e8bd6e9e61f7e1bfe6eaf110f74aa31cd20c3578b659b793ad2b63968a5f3887,All plumbing codes require backflow prevention in several ways.,2,0,fourties,England English,common_voice_en_43193984.mp3,6300,en
98f9180c9ad97bc7036074b0acd9c4dadf7043e512bc98480f050de52758a9e34c96848e0dc5aa3592c65ceaec405702b8d07acbdf8f42984f9593b00c6bdc5e,"They are often black, bay or brown in color.",2,0,thirties,England English,common_voice_en_42810263.mp3,6336,en
9b4966ad0f17b92511075e9b0936cd7daca30885616011980a6930510e3aa547628ce9e55dfc03f5de2ea315e42a2f0243a70cc136b2814096779d9ff66e958d,This is the only time an Amtrak operated train stops at this station.,2,0,thirties,England English,common_voice_en_42833970.mp3,6408,en
9b4966ad0f17b92511075e9b0936cd7daca30885616011980a6930510e3aa547628ce9e55dfc03f5de2ea315e42a2f0243a70cc136b2814096779d9ff66e958d,"She was criticized for running for such a position, given her past profession.",2,0,thirties,England English,common_voice_en_42844917.mp3,6408,en
955303cad79c3fcd8d096d5d9de1d2a8df179377475537ed8c5d2dbdadf6cb6d74c9c6e0c5ceb0db2f8bc6c99611b800db8974b3c6997604a0e41c8af672223e,The possible effect of platform capitalism on open science has been discussed.,2,0,fourties,England English,common_voice_en_42815717.mp3,6480,en
b20e20c4afc0b92ca97cc19175ff66fcf1a93836b1b7f8ca748ffbdae266095f7744a75107d769fad8095fa5e0ed6cf94b0bbaddd0cf9b96ebccb3716581b212,"That year, the club reached fourth place in the local championship.",2,0,,England English,common_voice_en_42767185.mp3,6480,en
534bcfba42bc74666812ef2858564e1d5766b1ad4f93f99d158cb508dae166665921085feceed2783a92e9211c2df261cec32f118d532ff4f59906948ff28cb9,"Hence, the number of zeros in an interval of a given size slowly increases.",2,0,thirties,England English,common_voice_en_43208290.mp3,6516,en
955303cad79c3fcd8d096d5d9de1d2a8df179377475537ed8c5d2dbdadf6cb6d74c9c6e0c5ceb0db2f8bc6c99611b800db8974b3c6997604a0e41c8af672223e,The Rooftop Restaurant and Bar overlooks both the river and the Bancroft Gardens.,2,0,fourties,England English,common_voice_en_42815757.mp3,7056,en
9b4966ad0f17b92511075e9b0936cd7daca30885616011980a6930510e3aa547628ce9e55dfc03f5de2ea315e42a2f0243a70cc136b2814096779d9ff66e958d,Excitable media can be modelled using both partial differential equations and cellular automata.,2,0,thirties,England English,common_voice_en_42844912.mp3,8100,en
a05b9ecae26781f34867ab828f329f8e54b3998ad32ebb2e41158df7213b314d9a21cb117378ed356ebeafcd12e42af3e2fbd25b671f43f9d91e613e47491ada,Postal codes ending in the digit one are used for post office boxes.,2,0,twenties,England English,common_voice_en_42788438.mp3,8280,en
9dc7640cd4788a8fe0ba0976aef57009f30e120f0e711de65ce103d94cc374d9ce59cbc56195be850de4baff8b578c1cb4907d87b6f33539501450c5856807a7,The wide interior spaces created by the blending pose novel structural challenges.,2,0,,England English,common_voice_en_42726291.mp3,8316,en
5ab2c81243fc9e565a7e6a4f7b366f528e2c72bccdc5fa205351317f397375b48ec7d6705e1096f015e3f99d76f55cfd04ad6a37e44d721b25f5c4cd95cbd4d5,"Boocock is in the critically acclaimed avant-garde theatre company ""Elevator Repair Service"".",2,0,twenties,England English,common_voice_en_42699872.mp3,8316,en
9a826f165ee2fea15f84318aa231a17d8d94c742e13ae2dbb91fed7480b2e2e0069621e2f365c8e885b153c247ecc56a615fceaeeae63498a4de06bd36c5d687,His experiences as a schoolboy there were instrumental in his later work.,2,0,,England English,common_voice_en_42814135.mp3,8568,en
1fa92ab97bd0b041f2307b5f6251c873dab1984efc24a1c93342a1ab2bc32ba50176b1a1c95ebd4f24d813ea6668ff7f75c8566ccca9734b6ccad675d8ffc58d,Okara is sometimes spread on fields as a natural nitrogen fertilizer.,2,0,twenties,England English,common_voice_en_42752135.mp3,8676,en
cb07fe2d56d98c963c2b6cf7f71fd8ae328a1035ce63e9a1065c73593abac8c2fe2175db360b70af53c658a4cc48004622b8f5a6d20a203769aa7208cd5e7181,Aina hii huvumilia hali ya jua kali.,2,0,twenties,England English,common_voice_en_42812836.mp3,8892,en
250865835380a9b8bd3c5e06e96fef3af22b314fda5005ed2a570c73f8dd7ed10313e00edf4cdef4195d0b6e6471ac114dcfe579c9f7e96f0260600c23320d4f,Musical styles represented range from the very traditional Mexican folk to electronic music.,2,0,thirties,England English,common_voice_en_42814024.mp3,9108,en
f3bc45d3e24363f9917a5991aaa7d5e4222631fdb171909aa52ee5f5cc1bbf48b7b08ff3922c4310a4362dab37a0f58436d90f1e0cf8d9c1383467564e673042,The hindwings are grey.,2,0,thirties,"Southern African (South Africa, Zimbabwe, Namibia)",common_voice_en_42832667.mp3,3024,en
2079970dcf2fd88e61e7108614711bf90bcb3d60ce2729b0bc84d54749b932addfce4c2d654b586fc810bc82456c979a1eb8417cd6315053cacb5be95de170c5,He became proficient in German.,2,0,twenties,"Southern African (South Africa, Zimbabwe, Namibia)",common_voice_en_42799557.mp3,3240,en
fb3a6f053002d1b833674e416727ba24a0599a2a96294ab0cffb7408f89136426b2e94491aeaeca912a56540ea9848e794c64b446e56e81e9f60840517836c44,Castelli was interested in mathematics and hydraulics.,2,0,thirties,"Southern African (South Africa, Zimbabwe, Namibia)",common_voice_en_42807943.mp3,4140,en
f3bc45d3e24363f9917a5991aaa7d5e4222631fdb171909aa52ee5f5cc1bbf48b7b08ff3922c4310a4362dab37a0f58436d90f1e0cf8d9c1383467564e673042,Finns began waging partisan warfare against the Russians.,2,0,thirties,"Southern African (South Africa, Zimbabwe, Namibia)",common_voice_en_42832684.mp3,4860,en
fb3a6f053002d1b833674e416727ba24a0599a2a96294ab0cffb7408f89136426b2e94491aeaeca912a56540ea9848e794c64b446e56e81e9f60840517836c44,The story centers on the life of a renegade gaucho.,2,0,thirties,"Southern African (South Africa, Zimbabwe, Namibia)",common_voice_en_42807963.mp3,5220,en
fb3a6f053002d1b833674e416727ba24a0599a2a96294ab0cffb7408f89136426b2e94491aeaeca912a56540ea9848e794c64b446e56e81e9f60840517836c44,Ramsey numbers can be determined by some universal quantum computers.,2,0,thirties,"Southern African (South Africa, Zimbabwe, Namibia)",common_voice_en_42807958.mp3,5328,en
4959e91cc5fcd79d2a2cba49e869e5cf64bbd3f99e07a6014ffacb14f76f63766691ad79de243bfdae5cfbcaa2f8cd339a576911bda347471997b76ee4abbcd5,Its western and southwestern parts have many volcanic rocks.,2,0,twenties,"Southern African (South Africa, Zimbabwe, Namibia)",common_voice_en_42751082.mp3,5508,en
fb3a6f053002d1b833674e416727ba24a0599a2a96294ab0cffb7408f89136426b2e94491aeaeca912a56540ea9848e794c64b446e56e81e9f60840517836c44,This district included the territory between the Alabama and Tombigbee Rivers.,2,0,thirties,"Southern African (South Africa, Zimbabwe, Namibia)",common_voice_en_42808017.mp3,6048,en
f3bc45d3e24363f9917a5991aaa7d5e4222631fdb171909aa52ee5f5cc1bbf48b7b08ff3922c4310a4362dab37a0f58436d90f1e0cf8d9c1383467564e673042,Agnes was the mother of Jungian analyst Jack Sanford.,2,0,thirties,"Southern African (South Africa, Zimbabwe, Namibia)",common_voice_en_42832669.mp3,7020,en
70ed00395877b8227142c8e26e083d95c0aafb0c72fb1397427f54649d099422b38e9519384336dd3bc012db4f3dce84796a5779c0df37659729fdf4dde13d84,She is buried in Derry.,2,0,fifties,Australian English,common_voice_en_43205504.mp3,3132,en
70ed00395877b8227142c8e26e083d95c0aafb0c72fb1397427f54649d099422b38e9519384336dd3bc012db4f3dce84796a5779c0df37659729fdf4dde13d84,His death stunned Jamaica.,2,0,fifties,Australian English,common_voice_en_43205365.mp3,3960,en
70ed00395877b8227142c8e26e083d95c0aafb0c72fb1397427f54649d099422b38e9519384336dd3bc012db4f3dce84796a5779c0df37659729fdf4dde13d84,The new court would judge on commercial disputes.,2,0,fifties,Australian English,common_voice_en_43205507.mp3,4212,en
70ed00395877b8227142c8e26e083d95c0aafb0c72fb1397427f54649d099422b38e9519384336dd3bc012db4f3dce84796a5779c0df37659729fdf4dde13d84,Several relatives of surrounding regions made claims.,2,0,fifties,Australian English,common_voice_en_43205612.mp3,4788,en
70ed00395877b8227142c8e26e083d95c0aafb0c72fb1397427f54649d099422b38e9519384336dd3bc012db4f3dce84796a5779c0df37659729fdf4dde13d84,The New Zealand Customs service is the oldest government department in New Zealand.,2,0,,Australian English,common_voice_en_43205086.mp3,5292,en
7725d9d99cc872a4cc5e95b1612297064c377464b8a731db72c9aff7551a3af625cabe2b0768aa4251518a4ef41850b1fbf4abe3fc7017b5e07ceb9a1ffc3216,He appears to have played there many consecutive years between January and March.,2,0,thirties,Australian English,common_voice_en_42830129.mp3,6984,en
70ed00395877b8227142c8e26e083d95c0aafb0c72fb1397427f54649d099422b38e9519384336dd3bc012db4f3dce84796a5779c0df37659729fdf4dde13d84,"Like the Laurel, it was exclusive to Nissan Japanese dealerships called Nissan Motor Store.",2,0,,Australian English,common_voice_en_43205073.mp3,7668,en
6ea192cc37c6c5dff650f7b62a80ad42fec5db64c3178a4d8e98d2c795a2f4b6ed9126f0fdbe05335357e24e339218dfbe2e9c7b16214b436134ccb0025472cb,This harmless snake nimbly squirms among the leaves.,2,0,,Australian English,common_voice_en_42730925.mp3,7848,en
70ed00395877b8227142c8e26e083d95c0aafb0c72fb1397427f54649d099422b38e9519384336dd3bc012db4f3dce84796a5779c0df37659729fdf4dde13d84,"Called ""Molly"", she first married the stockbroker Thomas J. McGreevy of Kansas City, Missouri.",2,0,fifties,Australian English,common_voice_en_43205195.mp3,7992,en
73c453a61ea7a1ff7f663a726455f93dfdbf8848b4a0e7572db511785ca6b5b232f67dbac4c544a55bbb2cebf658bb9524e8a589b13be439f509026e574a17c3,"Mais je suis vivante, moi!",2,1,twenties,Français de France,common_voice_fr_42951909.mp3,2304,fr
e025521a9352ea1fd79f347c85394a970b714ed9adadcd5408f847904ed5ac875820da6604bfec8768805ba2213c73eb9dbd1cee66487f46054a2712ffc717cb,"Peu vous importe, en vérité !",2,0,,Français de France,common_voice_fr_43352815.mp3,2376,fr
af126936f7f6f99fa6390cd153a96ed7ed5976137275c8a177df8a3631a4a3598ca54b0d8073cd24e96415870781dece9ba0a8fc57c64adac380a1a481bb5c65,Ai-je mon toit?,2,0,,Français de France,common_voice_fr_42756191.mp3,2412,fr
af126936f7f6f99fa6390cd153a96ed7ed5976137275c8a177df8a3631a4a3598ca54b0d8073cd24e96415870781dece9ba0a8fc57c64adac380a1a481bb5c65,Quel chambardement!,4,0,,Français de France,common_voice_fr_42756187.mp3,2520,fr
73c453a61ea7a1ff7f663a726455f93dfdbf8848b4a0e7572db511785ca6b5b232f67dbac4c544a55bbb2cebf658bb9524e8a589b13be439f509026e574a17c3,Canada pour la deuxième saison.,2,0,twenties,Français de France,common_voice_fr_42951932.mp3,2556,fr
b895602d9eae132fe68b85ff4a1af9d377f0f324686c2539e2509c605d14fade8eb0c7ea8dc329977345eb4bfd4f1e9e49770098c2f18696829c6d8aefa69633,Et qui est-ce qui paiera?,2,0,twenties,Français de France,common_voice_fr_42742056.mp3,2592,fr
1327738db5ab85be1dab25be38cb4ca40380037b3b1deca85f5161639d11bf8bbd193baae94f8332d7dc18418be35f14c1df11dc963ef9a8955ddbbb3e2cd642,Vas-tu venir?,2,0,fourties,Français de France,common_voice_fr_42810131.mp3,2736,fr
534bcfba42bc74666812ef2858564e1d5766b1ad4f93f99d158cb508dae166665921085feceed2783a92e9211c2df261cec32f118d532ff4f59906948ff28cb9,Barrez vos portes,2,0,thirties,Français de France,common_voice_fr_43208484.mp3,2772,fr
1327738db5ab85be1dab25be38cb4ca40380037b3b1deca85f5161639d11bf8bbd193baae94f8332d7dc18418be35f14c1df11dc963ef9a8955ddbbb3e2cd642,La situation paraissait terrible.,2,0,fourties,Français de France,common_voice_fr_42810216.mp3,2916,fr
1327738db5ab85be1dab25be38cb4ca40380037b3b1deca85f5161639d11bf8bbd193baae94f8332d7dc18418be35f14c1df11dc963ef9a8955ddbbb3e2cd642,Le pygargue tient en son bec une balance.,2,0,fourties,Français de France,common_voice_fr_42815338.mp3,3096,fr
af126936f7f6f99fa6390cd153a96ed7ed5976137275c8a177df8a3631a4a3598ca54b0d8073cd24e96415870781dece9ba0a8fc57c64adac380a1a481bb5c65,Il tiendra le rôle de Petit-Jean.,4,0,,Français de France,common_voice_fr_42756196.mp3,3168,fr
1327738db5ab85be1dab25be38cb4ca40380037b3b1deca85f5161639d11bf8bbd193baae94f8332d7dc18418be35f14c1df11dc963ef9a8955ddbbb3e2cd642,La vie sous les tropiques n'est pas un paradis.,2,0,fourties,Français de France,common_voice_fr_42810176.mp3,3276,fr
a297517a443387aaf7deac0bfa60468fbf602d70539006f972fcef9de31c03639b67d7751baed7cdde59e84020db41620313efaaecc620eb36c8279db156688e,Mais nous ne jouons pas!,2,0,fourties,Français de France,common_voice_fr_43197672.mp3,3312,fr
1327738db5ab85be1dab25be38cb4ca40380037b3b1deca85f5161639d11bf8bbd193baae94f8332d7dc18418be35f14c1df11dc963ef9a8955ddbbb3e2cd642,"De cette union, naîtront huit enfants.",2,0,fourties,Français de France,common_voice_fr_42815659.mp3,3348,fr
591423ff3d1039b1ac168f42317b47caaa7e153fc8abb9ea7103b5fdb1d3ce916a6c2443680313e4bab289507ae43a867f5f6f469545ca2d11908eb796ea9f5d,Son atelier se trouve rue Mazarine.,2,0,twenties,Français de France,common_voice_fr_42761677.mp3,3420,fr
7e3b8ee34e6f04007271a1917979aebbc9b094059a7e0533774a9171a4128e2b7d0ea2eb13b7c18cfd11f79385f7c9c601faa948591d03f3f4152bf4a404fed3,La pensée ne date que d’une poignée de secondes…,2,0,seventies,Français de France,common_voice_fr_43363878.mp3,3420,fr
af126936f7f6f99fa6390cd153a96ed7ed5976137275c8a177df8a3631a4a3598ca54b0d8073cd24e96415870781dece9ba0a8fc57c64adac380a1a481bb5c65,Le fruit est une capsule contenant plusieurs graines.,4,0,,Français de France,common_voice_fr_42756080.mp3,3420,fr
b8bcadc159d09c19846c463641e8a4cb83ab137c9fd60e27439502636062d0a36b1a9ce9bf72d34d4b5769d8e84cd0828c7772e1933bbeb2cd8b226e6f824a1e,Il est consultable sur son site Web.,2,0,,Français de France,common_voice_fr_43193031.mp3,3492,fr
d98e2d73628c2136b73c66cf6e5584fa2527e675422e77a5d208ffc2e290655478ed522198440989d233b9c7889a04296497b20a395485e09c4d4585bbed0979,Cosette ici perdit un peu de terrain.,2,0,twenties,Français de France,common_voice_fr_43141241.mp3,3528,fr
534bcfba42bc74666812ef2858564e1d5766b1ad4f93f99d158cb508dae166665921085feceed2783a92e9211c2df261cec32f118d532ff4f59906948ff28cb9,Il est de couleur jaune à jaune-brun.,2,0,thirties,Français de France,common_voice_fr_43208845.mp3,3564,fr
1327738db5ab85be1dab25be38cb4ca40380037b3b1deca85f5161639d11bf8bbd193baae94f8332d7dc18418be35f14c1df11dc963ef9a8955ddbbb3e2cd642,"Tu comprends sans doute, maintenant ?",2,0,fourties,Français de France,common_voice_fr_42810177.mp3,3600,fr
ecaefbe906ed98b32092dc3cf3330f2c7d0ddda5b52fc0d481a4c66640d0240d985db3244b782c8a5024f94861ddc68433d09aaade2e4b2761c40fbc24b57a56,Il est candidat officiel sous le Second Empire.,2,0,twenties,Français de France,common_voice_fr_43195724.mp3,3600,fr
d98e2d73628c2136b73c66cf6e5584fa2527e675422e77a5d208ffc2e290655478ed522198440989d233b9c7889a04296497b20a395485e09c4d4585bbed0979,"Pour gagner sa vie, elle travaille dans un restaurant.",4,0,twenties,Français de France,common_voice_fr_43141249.mp3,3600,fr
1327738db5ab85be1dab25be38cb4ca40380037b3b1deca85f5161639d11bf8bbd193baae94f8332d7dc18418be35f14c1df11dc963ef9a8955ddbbb3e2cd642,Il fait partie du parc national des Pyrénées.,2,0,fourties,Français de France,common_voice_fr_42810133.mp3,3636,fr
73c453a61ea7a1ff7f663a726455f93dfdbf8848b4a0e7572db511785ca6b5b232f67dbac4c544a55bbb2cebf658bb9524e8a589b13be439f509026e574a17c3,Elle a également souvent participé à la série '.,2,0,twenties,Français de France,common_voice_fr_42952033.mp3,3636,fr
b895602d9eae132fe68b85ff4a1af9d377f0f324686c2539e2509c605d14fade8eb0c7ea8dc329977345eb4bfd4f1e9e49770098c2f18696829c6d8aefa69633,L'ouvrage construit en un seul été fonctionne parfaitement.,2,0,twenties,Français de France,common_voice_fr_42742053.mp3,3636,fr
f2d84edb62022dcc4d1d7a820f77e8e43d0e5a890eb48f8f1ebc6c16eccdd6f6b7b18eb21d187b8b0007e32592be922465091b1db19d83d2387b8a3be3e7bb0e,Rachel doit bientôt faire face à la justice...,2,0,,Français de France,common_voice_fr_42810042.mp3,3636,fr
73c453a61ea7a1ff7f663a726455f93dfdbf8848b4a0e7572db511785ca6b5b232f67dbac4c544a55bbb2cebf658bb9524e8a589b13be439f509026e574a17c3,Le tout est ensuite arrosé de cognac et flambé.,2,0,twenties,Français de France,common_voice_fr_42952049.mp3,3672,fr
e025521a9352ea1fd79f347c85394a970b714ed9adadcd5408f847904ed5ac875820da6604bfec8768805ba2213c73eb9dbd1cee66487f46054a2712ffc717cb,De vastes cités ont été bâties au sud de la fosse.,2,0,sixties,Français de France,common_voice_fr_43372854.mp3,3708,fr
534bcfba42bc74666812ef2858564e1d5766b1ad4f93f99d158cb508dae166665921085feceed2783a92e9211c2df261cec32f118d532ff4f59906948ff28cb9,"Vous savez, je reviendrai.",2,0,thirties,Français de France,common_voice_fr_43208461.mp3,3708,fr
591423ff3d1039b1ac168f42317b47caaa7e153fc8abb9ea7103b5fdb1d3ce916a6c2443680313e4bab289507ae43a867f5f6f469545ca2d11908eb796ea9f5d,J'en ai deux qui sont damassées.,2,0,,Français de France,common_voice_fr_42761641.mp3,3780,fr
534bcfba42bc74666812ef2858564e1d5766b1ad4f93f99d158cb508dae166665921085feceed2783a92e9211c2df261cec32f118d532ff4f59906948ff28cb9,Son feuillage abondant est sombre et luisant.,2,0,thirties,Français de France,common_voice_fr_43208524.mp3,3780,fr
1327738db5ab85be1dab25be38cb4ca40380037b3b1deca85f5161639d11bf8bbd193baae94f8332d7dc18418be35f14c1df11dc963ef9a8955ddbbb3e2cd642,"Nous ne gagnons rien, et nous avons gros à payer.",2,0,fourties,Français de France,common_voice_fr_42815776.mp3,3780,fr
d98e2d73628c2136b73c66cf6e5584fa2527e675422e77a5d208ffc2e290655478ed522198440989d233b9c7889a04296497b20a395485e09c4d4585bbed0979,"Il eut un geste violent, il pensa tout haut.",2,0,twenties,Français de France,common_voice_fr_43141263.mp3,3780,fr
d98e2d73628c2136b73c66cf6e5584fa2527e675422e77a5d208ffc2e290655478ed522198440989d233b9c7889a04296497b20a395485e09c4d4585bbed0979,On observe une invasion de x'.,2,0,twenties,Français de France,common_voice_fr_43141253.mp3,3816,fr
d98e2d73628c2136b73c66cf6e5584fa2527e675422e77a5d208ffc2e290655478ed522198440989d233b9c7889a04296497b20a395485e09c4d4585bbed0979,Elle se poursuit vers l'ouest vers La Prairie.,2,0,twenties,Français de France,common_voice_fr_43141264.mp3,3816,fr
534bcfba42bc74666812ef2858564e1d5766b1ad4f93f99d158cb508dae166665921085feceed2783a92e9211c2df261cec32f118d532ff4f59906948ff28cb9,"Dans le village, c'est une fête très attendue.",2,0,thirties,Français de France,common_voice_fr_43208950.mp3,3852,fr
1327738db5ab85be1dab25be38cb4ca40380037b3b1deca85f5161639d11bf8bbd193baae94f8332d7dc18418be35f14c1df11dc963ef9a8955ddbbb3e2cd642,Sa grande spécialité est de cultiver des hémérocalles.,2,0,fourties,Français de France,common_voice_fr_42810142.mp3,3888,fr
73c453a61ea7a1ff7f663a726455f93dfdbf8848b4a0e7572db511785ca6b5b232f67dbac4c544a55bbb2cebf658bb9524e8a589b13be439f509026e574a17c3,Il marque le tout premier but du championnat de Hongrie de football.,2,0,twenties,Français de France,common_voice_fr_42952044.mp3,3888,fr
d98e2d73628c2136b73c66cf6e5584fa2527e675422e77a5d208ffc2e290655478ed522198440989d233b9c7889a04296497b20a395485e09c4d4585bbed0979,Il est aussi connu comme chef d'orchestre d'opéra baroque.,2,0,twenties,Français de France,common_voice_fr_43141279.mp3,3888,fr
534bcfba42bc74666812ef2858564e1d5766b1ad4f93f99d158cb508dae166665921085feceed2783a92e9211c2df261cec32f118d532ff4f59906948ff28cb9,Il fera peut-être un très bon ministre.,2,0,thirties,Français de France,common_voice_fr_43208961.mp3,3960,fr
5f9150d8ee7ab24ba18fa2b6204cfe63412bf7c121d7ec56bb5c04f2de32804caba4e52788e3d13e7cd89b0b5b6c49d8a3ac5fa417d97f00de6269c06ff6e272,La mission échoua à cause d'une banale panne radio.,2,0,fourties,Français de France,common_voice_fr_42965088.mp3,3960,fr
7b76f305a72d6382e62329f3c93c425e27230e7721f40a15e050469957923a1c28869ad3cea48d597daa32a778c80e926e802ffe9339a77a133f10923ee27c26,Il est le fondateur de la micropsychanalyse.,2,0,,Français de France,common_voice_fr_42721208.mp3,3996,fr
d98e2d73628c2136b73c66cf6e5584fa2527e675422e77a5d208ffc2e290655478ed522198440989d233b9c7889a04296497b20a395485e09c4d4585bbed0979,"À grands coups de science, à grands coups de cognée",2,0,twenties,Français de France,common_voice_fr_43141269.mp3,3996,fr
534bcfba42bc74666812ef2858564e1d5766b1ad4f93f99d158cb508dae166665921085feceed2783a92e9211c2df261cec32f118d532ff4f59906948ff28cb9,"Madame avait voulu venir, elle aussi, pour des emplettes.",2,0,thirties,Français de France,common_voice_fr_43208939.mp3,4032,fr
534bcfba42bc74666812ef2858564e1d5766b1ad4f93f99d158cb508dae166665921085feceed2783a92e9211c2df261cec32f118d532ff4f59906948ff28cb9,Cette exagération fit rire Sandoz.,4,0,thirties,Français de France,common_voice_fr_43208948.mp3,4104,fr
d98e2d73628c2136b73c66cf6e5584fa2527e675422e77a5d208ffc2e290655478ed522198440989d233b9c7889a04296497b20a395485e09c4d4585bbed0979,Il était l'un des piliers du Chicago blues contemporain.,2,0,twenties,Français de France,common_voice_fr_43141281.mp3,4140,fr
af126936f7f6f99fa6390cd153a96ed7ed5976137275c8a177df8a3631a4a3598ca54b0d8073cd24e96415870781dece9ba0a8fc57c64adac380a1a481bb5c65,"Ce coup de fusil, c’était encore de la vie.",2,0,,Français de France,common_voice_fr_42756073.mp3,4140,fr
af126936f7f6f99fa6390cd153a96ed7ed5976137275c8a177df8a3631a4a3598ca54b0d8073cd24e96415870781dece9ba0a8fc57c64adac380a1a481bb5c65,Le groupe commence à jouer quelques concerts dans la banlieue d'Atlanta.,2,0,,Français de France,common_voice_fr_42756203.mp3,4176,fr
00ca3b49383accd9736ec40a4d4e72362f03bde4565a2fe8e950bc45e14613ecd487639f8847ab35a69b70331226b6d2a781fd3eda15b4bfe685aa2cb55615d0,Quelques anciens élèves notables.,2,0,,Français de France,common_voice_fr_42766720.mp3,4176,fr
534bcfba42bc74666812ef2858564e1d5766b1ad4f93f99d158cb508dae166665921085feceed2783a92e9211c2df261cec32f118d532ff4f59906948ff28cb9,Elle comprend notamment la moitié de ses sous-marins.,4,0,thirties,Français de France,common_voice_fr_43208480.mp3,4212,fr
d98e2d73628c2136b73c66cf6e5584fa2527e675422e77a5d208ffc2e290655478ed522198440989d233b9c7889a04296497b20a395485e09c4d4585bbed0979,Ces fortifications existent toujours dans leur état originel.,4,0,twenties,Français de France,common_voice_fr_43141295.mp3,4248,fr
7e5fc7a33554b7c6973e55507f20a93d757523b3f2933a0642b7051b6ceccd73db3e167e3a5b3067ddf25983af4bf9241036bff1f21a0cf57e4ea6d679886437,Souvent travailleur astrologique.,2,0,,Français de France,common_voice_fr_43336383.mp3,4248,fr
aaa572ad7e3b79d2ff46fd0526c096337093eb58e557d421218b32691c2c3d44596eed9f78f0444648558079c8afcb5fd27da1581a01b00add0e5be79e20fa04,La mer fut observée également.,2,0,,Français de France,common_voice_fr_43194158.mp3,4248,fr
7e3b8ee34e6f04007271a1917979aebbc9b094059a7e0533774a9171a4128e2b7d0ea2eb13b7c18cfd11f79385f7c9c601faa948591d03f3f4152bf4a404fed3,Aligné sur et Christophe réalise le doublé.,2,0,seventies,Français de France,common_voice_fr_43363888.mp3,4284,fr
534bcfba42bc74666812ef2858564e1d5766b1ad4f93f99d158cb508dae166665921085feceed2783a92e9211c2df261cec32f118d532ff4f59906948ff28cb9,La pollution de l'air peut aussi être un facteur aggravant.,2,0,thirties,Français de France,common_voice_fr_43208522.mp3,4320,fr
d98e2d73628c2136b73c66cf6e5584fa2527e675422e77a5d208ffc2e290655478ed522198440989d233b9c7889a04296497b20a395485e09c4d4585bbed0979,On ne pouvait pas tourner le dos sans qu'elle fit quelque mauvais coup.,4,0,twenties,Français de France,common_voice_fr_43141284.mp3,4320,fr
1126612f9610a3922f4a4ff0f9f8d003eb42742be03802ea4956ca8ebdb6db1d1db9773289db63f035fb11433aa16f09b78dacf84115bf9dbbf8444518bddc55,Le pays recherche des coupables à cette défaite incompréhensible.,2,0,twenties,Français de France,common_voice_fr_43393992.mp3,4356,fr
d98e2d73628c2136b73c66cf6e5584fa2527e675422e77a5d208ffc2e290655478ed522198440989d233b9c7889a04296497b20a395485e09c4d4585bbed0979,Il se marie en avec Bernadette Adams.,2,0,twenties,Français de France,common_voice_fr_43141235.mp3,4356,fr
d98e2d73628c2136b73c66cf6e5584fa2527e675422e77a5d208ffc2e290655478ed522198440989d233b9c7889a04296497b20a395485e09c4d4585bbed0979,"En outre, l'extrémité des nageoires pectorales est aussi blanche.",2,0,twenties,Français de France,common_voice_fr_43141251.mp3,4356,fr
d98e2d73628c2136b73c66cf6e5584fa2527e675422e77a5d208ffc2e290655478ed522198440989d233b9c7889a04296497b20a395485e09c4d4585bbed0979,"Au cours du mois de février, le mouvement fit tache d'huile.",2,0,twenties,Français de France,common_voice_fr_43141244.mp3,4356,fr
af126936f7f6f99fa6390cd153a96ed7ed5976137275c8a177df8a3631a4a3598ca54b0d8073cd24e96415870781dece9ba0a8fc57c64adac380a1a481bb5c65,La principale ville et capitale de ce district est Mensura.,2,0,,Français de France,common_voice_fr_42756188.mp3,4392,fr
ce6cb97fb4dbeb46772079a382e364664e0179c6352191a1dcc8ba0192c9c789b10ee557e69729b85c8f37963fac25310a551d9eb31bc8da2bf4943d8bd25677,Neptune est un imbécile.,2,0,,Français de France,common_voice_fr_43333587.mp3,4428,fr
5f9150d8ee7ab24ba18fa2b6204cfe63412bf7c121d7ec56bb5c04f2de32804caba4e52788e3d13e7cd89b0b5b6c49d8a3ac5fa417d97f00de6269c06ff6e272,Par défaut aucun thread ne souhaite entrer dans la section critique.,2,0,fourties,Français de France,common_voice_fr_42965170.mp3,4428,fr
1327738db5ab85be1dab25be38cb4ca40380037b3b1deca85f5161639d11bf8bbd193baae94f8332d7dc18418be35f14c1df11dc963ef9a8955ddbbb3e2cd642,Il publie également des rapports et études thématiques.,2,0,fourties,Français de France,common_voice_fr_42815772.mp3,4428,fr
534bcfba42bc74666812ef2858564e1d5766b1ad4f93f99d158cb508dae166665921085feceed2783a92e9211c2df261cec32f118d532ff4f59906948ff28cb9,Il modernise le château et lui donne son aspect actuel.,4,0,thirties,Français de France,common_voice_fr_43208487.mp3,4428,fr
b8bcadc159d09c19846c463641e8a4cb83ab137c9fd60e27439502636062d0a36b1a9ce9bf72d34d4b5769d8e84cd0828c7772e1933bbeb2cd8b226e6f824a1e,"Oui, général, on est négociant avant tout.",2,0,,Français de France,common_voice_fr_43192877.mp3,4500,fr
d98e2d73628c2136b73c66cf6e5584fa2527e675422e77a5d208ffc2e290655478ed522198440989d233b9c7889a04296497b20a395485e09c4d4585bbed0979,"L'album sera de nouveau un succès, et sera certifié disque d'or.",2,0,twenties,Français de France,common_voice_fr_43141290.mp3,4536,fr
33ceff50c2bcea88787020ad5cc1b5fb5199e30a7d93d80f2081ae8c91d8e68111046a8faf575e0c5de8c4d4230a1c60bc2b96f5bff58525b26ff6b0ba0dec08,"Et alors, faute de pouvoir renouveler l’air…",2,0,,Français de France,common_voice_fr_43352736.mp3,4536,fr
7727efec037b1fb3fb8e75c6e370222d7aa16f7ec3398983803d9f4b6b1a70712353d0622383d00cdeb939799a488492418d112453236543af41bb7ee6942544,Ce rôle sollicite beaucoup les muscles abdominaux.,2,0,,Français de France,common_voice_fr_42753397.mp3,4536,fr
73c453a61ea7a1ff7f663a726455f93dfdbf8848b4a0e7572db511785ca6b5b232f67dbac4c544a55bbb2cebf658bb9524e8a589b13be439f509026e574a17c3,"Les vins sont assez puissants, riches, colorés et de garde.",2,0,twenties,Français de France,common_voice_fr_42952047.mp3,4536,fr
a7a570ee0a3743d540fe14280c8e838165fe3de2122fb53787fc2eaa51ad811bb458ef99b08c0fca19763502243808cdc4744fd713fa4dbe7f9d4e7ea7976e41,Elle était libre.,2,0,,Français de France,common_voice_fr_42708558.mp3,4572,fr
af126936f7f6f99fa6390cd153a96ed7ed5976137275c8a177df8a3631a4a3598ca54b0d8073cd24e96415870781dece9ba0a8fc57c64adac380a1a481bb5c65,"Oui, mais elle le trouve trop savant et il analyse trop.",4,0,,Français de France,common_voice_fr_42756192.mp3,4572,fr
d98e2d73628c2136b73c66cf6e5584fa2527e675422e77a5d208ffc2e290655478ed522198440989d233b9c7889a04296497b20a395485e09c4d4585bbed0979,"Si la piste se remplit, quelques règles de bon sens s'appliquent.",2,0,twenties,Français de France,common_voice_fr_43141282.mp3,4608,fr
af126936f7f6f99fa6390cd153a96ed7ed5976137275c8a177df8a3631a4a3598ca54b0d8073cd24e96415870781dece9ba0a8fc57c64adac380a1a481bb5c65,"La façade est à colombage, avec un balcon de style normand.",2,0,,Français de France,common_voice_fr_42756075.mp3,4680,fr
af126936f7f6f99fa6390cd153a96ed7ed5976137275c8a177df8a3631a4a3598ca54b0d8073cd24e96415870781dece9ba0a8fc57c64adac380a1a481bb5c65,"Sa mère, Ruth Dill, était la sœur de l’actrice Diana Dill.",2,0,,Français de France,common_voice_fr_42756204.mp3,4752,fr
534bcfba42bc74666812ef2858564e1d5766b1ad4f93f99d158cb508dae166665921085feceed2783a92e9211c2df261cec32f118d532ff4f59906948ff28cb9,Les deux prototypes ont été détruits suite à des accidents.,2,0,thirties,Français de France,common_voice_fr_43208551.mp3,4788,fr
c0fe025215a4729d11d597b4eab2b315e081ae3574cdd22f713f8aaa5429f768d64221d7c433ac6e15d27b26edd43014a2c6e6c6399ad764a5f2124ff37be5bb,Mais quel peintre!,3,0,teens,"Français de France,Français de Belgique",common_voice_fr_42905328.mp3,2844,fr
c0fe025215a4729d11d597b4eab2b315e081ae3574cdd22f713f8aaa5429f768d64221d7c433ac6e15d27b26edd43014a2c6e6c6399ad764a5f2124ff37be5bb,Et ce sera tout pour aujourd'hui!,3,0,teens,"Français de France,Français de Belgique",common_voice_fr_42921435.mp3,2916,fr
c0fe025215a4729d11d597b4eab2b315e081ae3574cdd22f713f8aaa5429f768d64221d7c433ac6e15d27b26edd43014a2c6e6c6399ad764a5f2124ff37be5bb,On a aussi de la perte !,3,0,teens,"Français de France,Français de Belgique",common_voice_fr_42905314.mp3,3060,fr
c0fe025215a4729d11d597b4eab2b315e081ae3574cdd22f713f8aaa5429f768d64221d7c433ac6e15d27b26edd43014a2c6e6c6399ad764a5f2124ff37be5bb,"Ainsi, il est aujourd'hui présent dans une douzaine de jeux.",3,0,teens,"Français de France,Français de Belgique",common_voice_fr_42905211.mp3,3888,fr
c0fe025215a4729d11d597b4eab2b315e081ae3574cdd22f713f8aaa5429f768d64221d7c433ac6e15d27b26edd43014a2c6e6c6399ad764a5f2124ff37be5bb,Il l'enterre avec l'aide de son père et de sa belle-mère.,6,0,teens,"Français de France,Français de Belgique",common_voice_fr_42921433.mp3,4032,fr
c0fe025215a4729d11d597b4eab2b315e081ae3574cdd22f713f8aaa5429f768d64221d7c433ac6e15d27b26edd43014a2c6e6c6399ad764a5f2124ff37be5bb,La forteresse consistait en une tour très haute.,3,0,teens,"Français de France,Français de Belgique",common_voice_fr_42905215.mp3,4032,fr
c0fe025215a4729d11d597b4eab2b315e081ae3574cdd22f713f8aaa5429f768d64221d7c433ac6e15d27b26edd43014a2c6e6c6399ad764a5f2124ff37be5bb,Il est enterré au cimetière orthodoxe de St.,3,0,teens,"Français de France,Français de Belgique",common_voice_fr_42905220.mp3,4860,fr
c0fe025215a4729d11d597b4eab2b315e081ae3574cdd22f713f8aaa5429f768d64221d7c433ac6e15d27b26edd43014a2c6e6c6399ad764a5f2124ff37be5bb,L'auteur y a rassemblé plusieurs faits et passages curieux.,3,0,teens,"Français de France,Français de Belgique",common_voice_fr_42905622.mp3,4932,fr
c0fe025215a4729d11d597b4eab2b315e081ae3574cdd22f713f8aaa5429f768d64221d7c433ac6e15d27b26edd43014a2c6e6c6399ad764a5f2124ff37be5bb,Le nord constituait le canton de Neuilly-sur-Seine-Nord.,3,0,teens,"Français de France,Français de Belgique",common_voice_fr_42905607.mp3,4968,fr
c0fe025215a4729d11d597b4eab2b315e081ae3574cdd22f713f8aaa5429f768d64221d7c433ac6e15d27b26edd43014a2c6e6c6399ad764a5f2124ff37be5bb,"Entre l'égout ancien et l'égout actuel, il y a une révolution.",6,0,teens,"Français de France,Français de Belgique",common_voice_fr_42905240.mp3,5076,fr
c0fe025215a4729d11d597b4eab2b315e081ae3574cdd22f713f8aaa5429f768d64221d7c433ac6e15d27b26edd43014a2c6e6c6399ad764a5f2124ff37be5bb,Elle entraîna la démission de plusieurs responsables politiques importants.,3,0,teens,"Français de France,Français de Belgique",common_voice_fr_42905156.mp3,5292,fr
c0fe025215a4729d11d597b4eab2b315e081ae3574cdd22f713f8aaa5429f768d64221d7c433ac6e15d27b26edd43014a2c6e6c6399ad764a5f2124ff37be5bb,Il participe à deux missions vers le Canada pendant la guerre de Sept Ans.,3,0,teens,"Français de France,Français de Belgique",common_voice_fr_42905620.mp3,5328,fr
c0fe025215a4729d11d597b4eab2b315e081ae3574cdd22f713f8aaa5429f768d64221d7c433ac6e15d27b26edd43014a2c6e6c6399ad764a5f2124ff37be5bb,Le film ne recueille pas plus l'adhésion des critiques que du public.,3,0,teens,"Français de France,Français de Belgique",common_voice_fr_42905605.mp3,5544,fr
c0fe025215a4729d11d597b4eab2b315e081ae3574cdd22f713f8aaa5429f768d64221d7c433ac6e15d27b26edd43014a2c6e6c6399ad764a5f2124ff37be5bb,Certains de ses élèves figurent parmi les cinq martyrs du lycée Buffon.,3,0,teens,"Français de France,Français de Belgique",common_voice_fr_42905621.mp3,5616,fr
c0fe025215a4729d11d597b4eab2b315e081ae3574cdd22f713f8aaa5429f768d64221d7c433ac6e15d27b26edd43014a2c6e6c6399ad764a5f2124ff37be5bb,Elle fut emmenée en prison et abandonna ses deux enfants avec son mari.,3,0,teens,"Français de France,Français de Belgique",common_voice_fr_42905237.mp3,5652,fr
c0fe025215a4729d11d597b4eab2b315e081ae3574cdd22f713f8aaa5429f768d64221d7c433ac6e15d27b26edd43014a2c6e6c6399ad764a5f2124ff37be5bb,"Coupeau l'aurait joliment reçue, lui qui ne voulait pas être relancé !",3,0,teens,"Français de France,Français de Belgique",common_voice_fr_42905213.mp3,5688,fr
c0fe025215a4729d11d597b4eab2b315e081ae3574cdd22f713f8aaa5429f768d64221d7c433ac6e15d27b26edd43014a2c6e6c6399ad764a5f2124ff37be5bb,Ces problèmes oculaires nécessitent souvent une intervention chirurgicale.,3,0,teens,"Français de France,Français de Belgique",common_voice_fr_42905310.mp3,5724,fr
c0fe025215a4729d11d597b4eab2b315e081ae3574cdd22f713f8aaa5429f768d64221d7c433ac6e15d27b26edd43014a2c6e6c6399ad764a5f2124ff37be5bb,"Ils sont capables d'une certaine autonomie, en particulier de dialoguer entre eux.",6,0,teens,"Français de France,Français de Belgique",common_voice_fr_42905327.mp3,5760,fr
c0fe025215a4729d11d597b4eab2b315e081ae3574cdd22f713f8aaa5429f768d64221d7c433ac6e15d27b26edd43014a2c6e6c6399ad764a5f2124ff37be5bb,"Durant la Seconde Guerre mondiale, il reste sur le chantier Bonnin d'Arcachon.",6,0,teens,"Français de France,Français de Belgique",common_voice_fr_42905629.mp3,5868,fr
c0fe025215a4729d11d597b4eab2b315e081ae3574cdd22f713f8aaa5429f768d64221d7c433ac6e15d27b26edd43014a2c6e6c6399ad764a5f2124ff37be5bb,Les mâles ont une durée de vie relativement courte et meurent peu après l'accouplement.,3,0,teens,"Français de France,Français de Belgique",common_voice_fr_42905326.mp3,5940,fr
c0fe025215a4729d11d597b4eab2b315e081ae3574cdd22f713f8aaa5429f768d64221d7c433ac6e15d27b26edd43014a2c6e6c6399ad764a5f2124ff37be5bb,Il remporte le Bâton d'argent du meilleur joueur offensif à la position d'arrêt-court.,3,0,teens,"Français de France,Français de Belgique",common_voice_fr_42905624.mp3,6084,fr
c0fe025215a4729d11d597b4eab2b315e081ae3574cdd22f713f8aaa5429f768d64221d7c433ac6e15d27b26edd43014a2c6e6c6399ad764a5f2124ff37be5bb,"Après la fin de la période de défiscalisation, les loyers seront imposables.",3,0,teens,"Français de France,Français de Belgique",common_voice_fr_42905325.mp3,6336,fr
a85bd7975d00080f357cd8700148db53900625e8d40c4bf2c8a10790dab58a0dbc33bf81817035ca1fdb9786a9879ef8fbe736753d49a2654572eaa2730c0508,"Bouclier léger porté par le peltaste thrace, combattant d'infanterie légère.",2,0,,"Français de France,Français de Belgique",common_voice_fr_43332411.mp3,6840,fr
c0fe025215a4729d11d597b4eab2b315e081ae3574cdd22f713f8aaa5429f768d64221d7c433ac6e15d27b26edd43014a2c6e6c6399ad764a5f2124ff37be5bb,"Les fleurs sont tubulaires et blanchâtre, jaune, vert ou brune, avec de longues étamines.",3,0,teens,"Français de France,Français de Belgique",common_voice_fr_42905606.mp3,7956,fr
bee85bdc590daeea00697df03725bb77440bdb3cd9009c0f35e75fd1a658bff815b08481cfa931f72bc50b8f9716274cd341766babb8b12b1e5a61c0dcfbee7e,On fait toujours des projets.,3,0,fifties,"Français de France,Accent du Sud Ouest, accent plat",common_voice_fr_42902487.mp3,2556,fr
bee85bdc590daeea00697df03725bb77440bdb3cd9009c0f35e75fd1a658bff815b08481cfa931f72bc50b8f9716274cd341766babb8b12b1e5a61c0dcfbee7e,Vous savez qu'il adore les femmes.,6,0,fifties,"Français de France,Accent du Sud Ouest, accent plat",common_voice_fr_42902484.mp3,3024,fr
bee85bdc590daeea00697df03725bb77440bdb3cd9009c0f35e75fd1a658bff815b08481cfa931f72bc50b8f9716274cd341766babb8b12b1e5a61c0dcfbee7e,Il se mit à rire.,3,0,fifties,"Français de France,Accent du Sud Ouest, accent plat",common_voice_fr_42902463.mp3,3168,fr
bee85bdc590daeea00697df03725bb77440bdb3cd9009c0f35e75fd1a658bff815b08481cfa931f72bc50b8f9716274cd341766babb8b12b1e5a61c0dcfbee7e,C'était une station de radio régionale.,3,0,fifties,"Français de France,Accent du Sud Ouest, accent plat",common_voice_fr_42902486.mp3,3456,fr
bee85bdc590daeea00697df03725bb77440bdb3cd9009c0f35e75fd1a658bff815b08481cfa931f72bc50b8f9716274cd341766babb8b12b1e5a61c0dcfbee7e,"Et toi, tu habites par ici?",3,0,fifties,"Français de France,Accent du Sud Ouest, accent plat",common_voice_fr_42902509.mp3,3528,fr
bee85bdc590daeea00697df03725bb77440bdb3cd9009c0f35e75fd1a658bff815b08481cfa931f72bc50b8f9716274cd341766babb8b12b1e5a61c0dcfbee7e,Elle fait partie de l'aire urbaine de Vichy.,3,0,fifties,"Français de France,Accent du Sud Ouest, accent plat",common_voice_fr_42902489.mp3,3636,fr
bee85bdc590daeea00697df03725bb77440bdb3cd9009c0f35e75fd1a658bff815b08481cfa931f72bc50b8f9716274cd341766babb8b12b1e5a61c0dcfbee7e,Je préfère un déjeuner à un corbillard.,3,0,fifties,"Français de France,Accent du Sud Ouest, accent plat",common_voice_fr_42902526.mp3,3852,fr
bee85bdc590daeea00697df03725bb77440bdb3cd9009c0f35e75fd1a658bff815b08481cfa931f72bc50b8f9716274cd341766babb8b12b1e5a61c0dcfbee7e,On possède encore de lui quelques autres textes.,3,0,fifties,"Français de France,Accent du Sud Ouest, accent plat",common_voice_fr_42902501.mp3,3888,fr
bee85bdc590daeea00697df03725bb77440bdb3cd9009c0f35e75fd1a658bff815b08481cfa931f72bc50b8f9716274cd341766babb8b12b1e5a61c0dcfbee7e,Ma mère est devenue eugéniste en m’élevant.,3,0,fifties,"Français de France,Accent du Sud Ouest, accent plat",common_voice_fr_42902502.mp3,4032,fr
bee85bdc590daeea00697df03725bb77440bdb3cd9009c0f35e75fd1a658bff815b08481cfa931f72bc50b8f9716274cd341766babb8b12b1e5a61c0dcfbee7e,"Après des études de médecine, il se lance dans la politique.",3,0,fifties,"Français de France,Accent du Sud Ouest, accent plat",common_voice_fr_42902485.mp3,4572,fr
bee85bdc590daeea00697df03725bb77440bdb3cd9009c0f35e75fd1a658bff815b08481cfa931f72bc50b8f9716274cd341766babb8b12b1e5a61c0dcfbee7e,Ce gros volume est composé de six livres.,6,0,fifties,"Français de France,Accent du Sud Ouest, accent plat",common_voice_fr_42902498.mp3,4572,fr
bee85bdc590daeea00697df03725bb77440bdb3cd9009c0f35e75fd1a658bff815b08481cfa931f72bc50b8f9716274cd341766babb8b12b1e5a61c0dcfbee7e,Et l'autre moitié est acheté par un groupe d'investissement.,3,0,fifties,"Français de France,Accent du Sud Ouest, accent plat",common_voice_fr_42902515.mp3,4644,fr
bee85bdc590daeea00697df03725bb77440bdb3cd9009c0f35e75fd1a658bff815b08481cfa931f72bc50b8f9716274cd341766babb8b12b1e5a61c0dcfbee7e,Est-ce que le peuple les nomme pour baver leur eau sucrée!,3,0,fifties,"Français de France,Accent du Sud Ouest, accent plat",common_voice_fr_42902504.mp3,4716,fr
bee85bdc590daeea00697df03725bb77440bdb3cd9009c0f35e75fd1a658bff815b08481cfa931f72bc50b8f9716274cd341766babb8b12b1e5a61c0dcfbee7e,"Revenons, tout le reste étant deuil ou chimère",3,0,fifties,"Français de France,Accent du Sud Ouest, accent plat",common_voice_fr_42902480.mp3,4824,fr
bee85bdc590daeea00697df03725bb77440bdb3cd9009c0f35e75fd1a658bff815b08481cfa931f72bc50b8f9716274cd341766babb8b12b1e5a61c0dcfbee7e,Il aurait échappé à ses gardes et se serait noyé dans le Fleuve Jaune.,3,0,fifties,"Français de France,Accent du Sud Ouest, accent plat",common_voice_fr_42902497.mp3,5760,fr
bee85bdc590daeea00697df03725bb77440bdb3cd9009c0f35e75fd1a658bff815b08481cfa931f72bc50b8f9716274cd341766babb8b12b1e5a61c0dcfbee7e,On peut aussi simplement les déguster avec une petite sauce épicée.,3,0,fifties,"Français de France,Accent du Sud Ouest, accent plat",common_voice_fr_42902462.mp3,5868,fr
bee85bdc590daeea00697df03725bb77440bdb3cd9009c0f35e75fd1a658bff815b08481cfa931f72bc50b8f9716274cd341766babb8b12b1e5a61c0dcfbee7e,De nombreuses excursions sont proposées par les hôtels et les offices de tourisme.,3,0,fifties,"Français de France,Accent du Sud Ouest, accent plat",common_voice_fr_42902508.mp3,5868,fr
bee85bdc590daeea00697df03725bb77440bdb3cd9009c0f35e75fd1a658bff815b08481cfa931f72bc50b8f9716274cd341766babb8b12b1e5a61c0dcfbee7e,"Près d'elle, il aperçut Pecqueux et madame Lebleu, qui hochaient également la tête.",3,0,fifties,"Français de France,Accent du Sud Ouest, accent plat",common_voice_fr_42902519.mp3,6336,fr
bee85bdc590daeea00697df03725bb77440bdb3cd9009c0f35e75fd1a658bff815b08481cfa931f72bc50b8f9716274cd341766babb8b12b1e5a61c0dcfbee7e,Ce lac difforme comporte cinq parties séparées par plusieurs presqu’îles.,3,0,fifties,"Français de France,Accent du Sud Ouest, accent plat",common_voice_fr_42902496.mp3,6372,fr
bee85bdc590daeea00697df03725bb77440bdb3cd9009c0f35e75fd1a658bff815b08481cfa931f72bc50b8f9716274cd341766babb8b12b1e5a61c0dcfbee7e,"Cet opuscule, d'une excessive rareté, est imprimé en caractères italiques.",3,0,fifties,"Français de France,Accent du Sud Ouest, accent plat",common_voice_fr_42902525.mp3,7524,fr
33e129d97af826fba5ee1b848e4b2aeac9f45023e40f2e3fec2c4d79a4a6b9bddb4c74b15521a69bb03164376e93799465f73812c3c258d7becf620ef04d2868,Blitzmerker!,2,0,fourties,Deutschland Deutsch,common_voice_de_43209692.mp3,2088,de
33e129d97af826fba5ee1b848e4b2aeac9f45023e40f2e3fec2c4d79a4a6b9bddb4c74b15521a69bb03164376e93799465f73812c3c258d7becf620ef04d2868,Das tun wir alle gern.,2,0,fourties,Deutschland Deutsch,common_voice_de_42871316.mp3,2268,de
853d72391fef60049ee139a1e170b719bd0d9b8d4d13ebcd50a8a1e05303c73a1129284a7460e29bf4e30a19659e3d6ca4ef9eeaeec9336653e646c5c4fc0e7e,Nur verzögern.,2,0,thirties,Deutschland Deutsch,common_voice_de_43268704.mp3,2304,de
5db7075daf2b84edf46d06e9f21c18a9e01153cfa65bd370d7272262136d47288ce5ec729eafabda188d2b0371d8080750f4b756184217d3098743f533c4dc7e,Im „Merkur.,2,0,thirties,Deutschland Deutsch,common_voice_de_42872777.mp3,2340,de
da27ba25a17ee9ea237a914eb4a5a532e95dbddf25ccc8c5a1022eb852f07245d662979a4ad7cd4c9a28f6f0913f223ed6140f390d37b8ba2b6f2e5b9c7d4f71,Ob Geist?,4,0,thirties,Deutschland Deutsch,common_voice_de_42758786.mp3,2376,de
16e49d82c2fa9f8b90965bffd885af6fc798f3fe031985757ad6f2dd17d8268e192409cb3f4a6d21938168bd994468eca47a02dc104a26c57b6755e506305659,Was stimmt denn nun?,2,0,thirties,Deutschland Deutsch,common_voice_de_43211877.mp3,2376,de
853d72391fef60049ee139a1e170b719bd0d9b8d4d13ebcd50a8a1e05303c73a1129284a7460e29bf4e30a19659e3d6ca4ef9eeaeec9336653e646c5c4fc0e7e,Was verändern wir?,2,0,thirties,Deutschland Deutsch,common_voice_de_42742232.mp3,2376,de
960b39334ffd9c59a4ffdec23fdf5987415553060c38c56bc12949149752108d3e244acdec8c0690d3058786e02aabefccccca670e8dc45e1f9b74ca014c9cb0,Heirate mir!,2,0,twenties,Deutschland Deutsch,common_voice_de_42705826.mp3,2448,de
16e49d82c2fa9f8b90965bffd885af6fc798f3fe031985757ad6f2dd17d8268e192409cb3f4a6d21938168bd994468eca47a02dc104a26c57b6755e506305659,Das ist eine schlechte Sache.,2,0,thirties,Deutschland Deutsch,common_voice_de_43211869.mp3,2448,de
853d72391fef60049ee139a1e170b719bd0d9b8d4d13ebcd50a8a1e05303c73a1129284a7460e29bf4e30a19659e3d6ca4ef9eeaeec9336653e646c5c4fc0e7e,So könnte man fortfahren.,2,0,thirties,Deutschland Deutsch,common_voice_de_42718208.mp3,2484,de
16e49d82c2fa9f8b90965bffd885af6fc798f3fe031985757ad6f2dd17d8268e192409cb3f4a6d21938168bd994468eca47a02dc104a26c57b6755e506305659,Kevin Russel,2,0,thirties,Deutschland Deutsch,common_voice_de_43211892.mp3,2484,de
33e129d97af826fba5ee1b848e4b2aeac9f45023e40f2e3fec2c4d79a4a6b9bddb4c74b15521a69bb03164376e93799465f73812c3c258d7becf620ef04d2868,Zudem war sie,2,0,fourties,Deutschland Deutsch,common_voice_de_42871427.mp3,2520,de
853d72391fef60049ee139a1e170b719bd0d9b8d4d13ebcd50a8a1e05303c73a1129284a7460e29bf4e30a19659e3d6ca4ef9eeaeec9336653e646c5c4fc0e7e,Hast du Herrenbesuch?,2,0,thirties,Deutschland Deutsch,common_voice_de_43283994.mp3,2520,de
853d72391fef60049ee139a1e170b719bd0d9b8d4d13ebcd50a8a1e05303c73a1129284a7460e29bf4e30a19659e3d6ca4ef9eeaeec9336653e646c5c4fc0e7e,Sie bricht zusammen.,2,0,thirties,Deutschland Deutsch,common_voice_de_42744204.mp3,2664,de
16e49d82c2fa9f8b90965bffd885af6fc798f3fe031985757ad6f2dd17d8268e192409cb3f4a6d21938168bd994468eca47a02dc104a26c57b6755e506305659,"Vielen Dank, Frau Frassoni.",2,0,thirties,Deutschland Deutsch,common_voice_de_43211849.mp3,2772,de
33e129d97af826fba5ee1b848e4b2aeac9f45023e40f2e3fec2c4d79a4a6b9bddb4c74b15521a69bb03164376e93799465f73812c3c258d7becf620ef04d2868,"Man sieht, was dabei rauskommt.",2,0,fourties,Deutschland Deutsch,common_voice_de_42871028.mp3,2844,de
28af981a38f6d3d68539a5e389c85f0f6d9ea25633bfcf122a62e543735dc4532dde9c6feabaf05022807aeba4c09a38185b65260dbf78c4ca1d6e7542cd78c2,Das war wirklich sehr interessant zu hören.,2,0,fourties,Deutschland Deutsch,common_voice_de_42711526.mp3,2844,de
99ce6957879aa6b31d830ae361c888dd4069970d9af947b0c2c8f10c56ef3acc1a7fe486560d2087ea6133e840fff04b0c984173db0365258e988d35b938f354,Dann wünsche ich gute Fahrt.,4,0,thirties,Deutschland Deutsch,common_voice_de_42753678.mp3,2844,de
6e37969be52eb4616df439e22e23a1935ff52dd23f7cb467c047ed4942a657693672a5c4c038e4c758a27de18f5ccb42e0a19408ef40e83490c18dc8c63a50d4,Die Nachfrage ändert sich schnell.,2,0,seventies,Deutschland Deutsch,common_voice_de_43348241.mp3,2880,de
33e129d97af826fba5ee1b848e4b2aeac9f45023e40f2e3fec2c4d79a4a6b9bddb4c74b15521a69bb03164376e93799465f73812c3c258d7becf620ef04d2868,Das ist ganz selbstverständlich.,2,0,fourties,Deutschland Deutsch,common_voice_de_42871124.mp3,2880,de
28af981a38f6d3d68539a5e389c85f0f6d9ea25633bfcf122a62e543735dc4532dde9c6feabaf05022807aeba4c09a38185b65260dbf78c4ca1d6e7542cd78c2,Ich möchte um Ihre Aufmerksamkeit bitten.,2,0,fourties,Deutschland Deutsch,common_voice_de_42711530.mp3,2916,de
f2ffc4fe650546606253a62bf842b2bb3d3b62b4dc062e8dffa4df64882a122ffbd766ce3ce7ff3315efbc8d85008657305492563bf1f12a5a6e4090a291e16e,Reno Tiede ist Linkshänder.,2,0,teens,Deutschland Deutsch,common_voice_de_43355184.mp3,2952,de
853d72391fef60049ee139a1e170b719bd0d9b8d4d13ebcd50a8a1e05303c73a1129284a7460e29bf4e30a19659e3d6ca4ef9eeaeec9336653e646c5c4fc0e7e,"Vom Schrecken der Situation"".",2,0,thirties,Deutschland Deutsch,common_voice_de_42854045.mp3,2952,de
33e129d97af826fba5ee1b848e4b2aeac9f45023e40f2e3fec2c4d79a4a6b9bddb4c74b15521a69bb03164376e93799465f73812c3c258d7becf620ef04d2868,Auch ich werde mich kurz halten.,2,0,fourties,Deutschland Deutsch,common_voice_de_43120799.mp3,2988,de
05507011a543c352c76b9e438232f2e86abcbe4d333eb94ca29312e02f42498d4f451dcef19e825db383a00be9f32299205a93c8093fe4fd452be4a01334fa61,Lebensjahr erreicht.,2,0,,Deutschland Deutsch,common_voice_de_43214832.mp3,3024,de
33e129d97af826fba5ee1b848e4b2aeac9f45023e40f2e3fec2c4d79a4a6b9bddb4c74b15521a69bb03164376e93799465f73812c3c258d7becf620ef04d2868,Von dort konnte er entfliehen.,2,0,fourties,Deutschland Deutsch,common_voice_de_43120887.mp3,3024,de
853d72391fef60049ee139a1e170b719bd0d9b8d4d13ebcd50a8a1e05303c73a1129284a7460e29bf4e30a19659e3d6ca4ef9eeaeec9336653e646c5c4fc0e7e,Er war außerdem Arbeitsrichter.,2,0,thirties,Deutschland Deutsch,common_voice_de_43268803.mp3,3024,de
9a38d334b12db19f56354f92411730cad1f7d3453df633217df985bb5e1caa65809e21966b326c8f8e6a87b68ea13221d179165c68dbc5157b239c58768f6b65,Bundesliga geschafft hatte.,2,0,fifties,Deutschland Deutsch,common_voice_de_43146978.mp3,3060,de
853d72391fef60049ee139a1e170b719bd0d9b8d4d13ebcd50a8a1e05303c73a1129284a7460e29bf4e30a19659e3d6ca4ef9eeaeec9336653e646c5c4fc0e7e,Wohin führt uns dieser Weg?,2,0,thirties,Deutschland Deutsch,common_voice_de_42721349.mp3,3060,de
b5c00c57efe4180cf0d53ec7c2c7fc33c1900ccf8dc48dd89e79aaca8356d066dd6b8976dd7e45771fbc77b790e89836584c1d0b2454061675cc25262330a3d1,Nationalversammlung bestätigt.,2,0,,Deutschland Deutsch,common_voice_de_42832846.mp3,3096,de
5db7075daf2b84edf46d06e9f21c18a9e01153cfa65bd370d7272262136d47288ce5ec729eafabda188d2b0371d8080750f4b756184217d3098743f533c4dc7e,Ulrich von Augsburg.,2,0,thirties,Deutschland Deutsch,common_voice_de_42872805.mp3,3096,de
6fb1ad1d8277f91d997347e9a5463f6fc97d43c6ab0222a1ee286689c9a6c0fec58dc5b3471526a1fc818bfd19bc75b984557a67b64ede8ac027d4568e73437e,Von dort fließt er nach Südosten.,2,0,,Deutschland Deutsch,common_voice_de_43192819.mp3,3096,de
eb5bf06793ef7c41278c43d55be13566bff0d68580d84485e2f82bb29186a35323ad5f2b00dd8fb3acf00756184b4657db42ec80eb1d44a731841db9a54095ff,Man muss Frau Doyles Argument unterstreichen.,2,0,,Deutschland Deutsch,common_voice_de_42730418.mp3,3132,de
67ba9747e2478cfef154b4d7995260a119dc4262b0a8d464f5b83eb0fbcec7a3f2d2a59e59198ace01a0a3d065bdef6b957e81aa4fd55db41e180b5bf7076454,"Erstens, zum Opferschutz.",2,0,sixties,Deutschland Deutsch,common_voice_de_43334374.mp3,3168,de
960b39334ffd9c59a4ffdec23fdf5987415553060c38c56bc12949149752108d3e244acdec8c0690d3058786e02aabefccccca670e8dc45e1f9b74ca014c9cb0,Die Brücken sind mautpflichtig.,2,0,twenties,Deutschland Deutsch,common_voice_de_42705734.mp3,3168,de
b57b75c0af21a7bda1b82086e69ad8dfe9d9e6464aa1fb6b4c59db9f8e5b23165b6af831b9566f0f7d17b2670a989b2e21412230a24147c7c9eb4112d7636dc5,Ich fühlte mich beflügelt.,2,0,,Deutschland Deutsch,common_voice_de_42746988.mp3,3168,de
853d72391fef60049ee139a1e170b719bd0d9b8d4d13ebcd50a8a1e05303c73a1129284a7460e29bf4e30a19659e3d6ca4ef9eeaeec9336653e646c5c4fc0e7e,Damit werden wir weitermachen müssen.,2,0,thirties,Deutschland Deutsch,common_voice_de_43215141.mp3,3204,de
853d72391fef60049ee139a1e170b719bd0d9b8d4d13ebcd50a8a1e05303c73a1129284a7460e29bf4e30a19659e3d6ca4ef9eeaeec9336653e646c5c4fc0e7e,Damit ist die Debatte beendet.,2,0,thirties,Deutschland Deutsch,common_voice_de_42721350.mp3,3204,de
1a7f6139232d52521f8d67e768789c41aa4a0f2eea2fc62673b30b04f9d8fbde376f4e8ca4fbd2c63661f7e60cdb5ae01da75445b69c08101bac16f5ab418869,Der Start ist auf der Insel von Lindau.,2,0,,Deutschland Deutsch,common_voice_de_43341661.mp3,3204,de
f2ffc4fe650546606253a62bf842b2bb3d3b62b4dc062e8dffa4df64882a122ffbd766ce3ce7ff3315efbc8d85008657305492563bf1f12a5a6e4090a291e16e,"Es war ein langer, steiniger Weg.",2,0,teens,Deutschland Deutsch,common_voice_de_43355175.mp3,3204,de
33e129d97af826fba5ee1b848e4b2aeac9f45023e40f2e3fec2c4d79a4a6b9bddb4c74b15521a69bb03164376e93799465f73812c3c258d7becf620ef04d2868,Ich werden also für beide Berichte stimmen.,2,0,fourties,Deutschland Deutsch,common_voice_de_43209656.mp3,3204,de
853d72391fef60049ee139a1e170b719bd0d9b8d4d13ebcd50a8a1e05303c73a1129284a7460e29bf4e30a19659e3d6ca4ef9eeaeec9336653e646c5c4fc0e7e,Was wollen wir gemeinsam erreichen?,2,0,thirties,Deutschland Deutsch,common_voice_de_42762160.mp3,3204,de
28af981a38f6d3d68539a5e389c85f0f6d9ea25633bfcf122a62e543735dc4532dde9c6feabaf05022807aeba4c09a38185b65260dbf78c4ca1d6e7542cd78c2,Ab hier gehen die Versionen auseinander.,2,0,fourties,Deutschland Deutsch,common_voice_de_42711538.mp3,3204,de
853d72391fef60049ee139a1e170b719bd0d9b8d4d13ebcd50a8a1e05303c73a1129284a7460e29bf4e30a19659e3d6ca4ef9eeaeec9336653e646c5c4fc0e7e,Dabei holte er vier Titel.,2,0,thirties,Deutschland Deutsch,common_voice_de_42721282.mp3,3204,de
5db7075daf2b84edf46d06e9f21c18a9e01153cfa65bd370d7272262136d47288ce5ec729eafabda188d2b0371d8080750f4b756184217d3098743f533c4dc7e,Die Blütezeit war im April und Mai.,2,0,thirties,Deutschland Deutsch,common_voice_de_43227416.mp3,3240,de
5db7075daf2b84edf46d06e9f21c18a9e01153cfa65bd370d7272262136d47288ce5ec729eafabda188d2b0371d8080750f4b756184217d3098743f533c4dc7e,Listenplatz verschoben.,2,0,thirties,Deutschland Deutsch,common_voice_de_42872877.mp3,3240,de
057f0af25ec477f9bb2256b45e2457cadf832aad2c80e21f5b2e76be97d6479911d97aa2fd2b07d3d8106cedcae7de797639825774800ab4e2559b1d6f95023d,Deshalb fällt darunter auch das Reisen.,2,0,,Deutschland Deutsch,common_voice_de_42730415.mp3,3240,de
853d72391fef60049ee139a1e170b719bd0d9b8d4d13ebcd50a8a1e05303c73a1129284a7460e29bf4e30a19659e3d6ca4ef9eeaeec9336653e646c5c4fc0e7e,Er gehörte zum Amt Augustusburg.,2,0,thirties,Deutschland Deutsch,common_voice_de_42718219.mp3,3240,de
99ce6957879aa6b31d830ae361c888dd4069970d9af947b0c2c8f10c56ef3acc1a7fe486560d2087ea6133e840fff04b0c984173db0365258e988d35b938f354,Jahrgang verpflichtet.,4,0,thirties,Deutschland Deutsch,common_voice_de_42753715.mp3,3276,de
eb5bf06793ef7c41278c43d55be13566bff0d68580d84485e2f82bb29186a35323ad5f2b00dd8fb3acf00756184b4657db42ec80eb1d44a731841db9a54095ff,Ich halte diesen Kurs für einen fatalen Fehler.,2,0,,Deutschland Deutsch,common_voice_de_42730420.mp3,3276,de
853d72391fef60049ee139a1e170b719bd0d9b8d4d13ebcd50a8a1e05303c73a1129284a7460e29bf4e30a19659e3d6ca4ef9eeaeec9336653e646c5c4fc0e7e,Jugend-Fußball-Schule Köln“.,2,0,thirties,Deutschland Deutsch,common_voice_de_42744206.mp3,3276,de
057f0af25ec477f9bb2256b45e2457cadf832aad2c80e21f5b2e76be97d6479911d97aa2fd2b07d3d8106cedcae7de797639825774800ab4e2559b1d6f95023d,Armee entfernt lag.,2,0,,Deutschland Deutsch,common_voice_de_42730416.mp3,3276,de
33e129d97af826fba5ee1b848e4b2aeac9f45023e40f2e3fec2c4d79a4a6b9bddb4c74b15521a69bb03164376e93799465f73812c3c258d7becf620ef04d2868,Der Beschuldigte schweigt beharrlich.,2,0,fourties,Deutschland Deutsch,common_voice_de_43120821.mp3,3312,de
853d72391fef60049ee139a1e170b719bd0d9b8d4d13ebcd50a8a1e05303c73a1129284a7460e29bf4e30a19659e3d6ca4ef9eeaeec9336653e646c5c4fc0e7e,Die Mutter starb bei seiner Geburt.,2,0,thirties,Deutschland Deutsch,common_voice_de_42718204.mp3,3312,de
960b39334ffd9c59a4ffdec23fdf5987415553060c38c56bc12949149752108d3e244acdec8c0690d3058786e02aabefccccca670e8dc45e1f9b74ca014c9cb0,Ein weiterer Aspekt betrifft den Konvent.,2,0,twenties,Deutschland Deutsch,common_voice_de_42705785.mp3,3312,de
33e129d97af826fba5ee1b848e4b2aeac9f45023e40f2e3fec2c4d79a4a6b9bddb4c74b15521a69bb03164376e93799465f73812c3c258d7becf620ef04d2868,Welche Berufsgruppe wollen wir heute bashen?,2,0,fourties,Deutschland Deutsch,common_voice_de_43120917.mp3,3348,de
853d72391fef60049ee139a1e170b719bd0d9b8d4d13ebcd50a8a1e05303c73a1129284a7460e29bf4e30a19659e3d6ca4ef9eeaeec9336653e646c5c4fc0e7e,Was ist der Plural von Barsch?,2,0,thirties,Deutschland Deutsch,common_voice_de_42718213.mp3,3348,de
6e37969be52eb4616df439e22e23a1935ff52dd23f7cb467c047ed4942a657693672a5c4c038e4c758a27de18f5ccb42e0a19408ef40e83490c18dc8c63a50d4,Die Triebe werden bis zu einem Meter hoch.,2,0,seventies,Deutschland Deutsch,common_voice_de_43348197.mp3,3348,de
853d72391fef60049ee139a1e170b719bd0d9b8d4d13ebcd50a8a1e05303c73a1129284a7460e29bf4e30a19659e3d6ca4ef9eeaeec9336653e646c5c4fc0e7e,Aber es geht hier nicht nur um Glühbirnen.,2,0,thirties,Deutschland Deutsch,common_voice_de_42731327.mp3,3384,de
99ce6957879aa6b31d830ae361c888dd4069970d9af947b0c2c8f10c56ef3acc1a7fe486560d2087ea6133e840fff04b0c984173db0365258e988d35b938f354,Die Oberleitung steht unter Spannung.,4,0,thirties,Deutschland Deutsch,common_voice_de_42753764.mp3,3384,de
28af981a38f6d3d68539a5e389c85f0f6d9ea25633bfcf122a62e543735dc4532dde9c6feabaf05022807aeba4c09a38185b65260dbf78c4ca1d6e7542cd78c2,Aus ihrer Ehe entstammten zwei Töchter.,2,0,fourties,Deutschland Deutsch,common_voice_de_42711533.mp3,3384,de
853d72391fef60049ee139a1e170b719bd0d9b8d4d13ebcd50a8a1e05303c73a1129284a7460e29bf4e30a19659e3d6ca4ef9eeaeec9336653e646c5c4fc0e7e,Das Geld reichte dafür jedoch nicht.,2,0,thirties,Deutschland Deutsch,common_voice_de_42742231.mp3,3384,de
960b39334ffd9c59a4ffdec23fdf5987415553060c38c56bc12949149752108d3e244acdec8c0690d3058786e02aabefccccca670e8dc45e1f9b74ca014c9cb0,Mit Hilfe eines Siedlers konnte er sich retten.,2,1,,Deutschland Deutsch,common_voice_de_42705814.mp3,3420,de
843ae28464ff07bd05b4d5ce1950823e7d9c1f9d54ddcb2866ecc45c360d8dd187597e67be21b3aa8ebc70b7135a1fc7d494edc9a658ceeceb89bbe050562262,Dies bestritt Occhi vehement.,2,0,,Deutschland Deutsch,common_voice_de_43192810.mp3,3420,de
28af981a38f6d3d68539a5e389c85f0f6d9ea25633bfcf122a62e543735dc4532dde9c6feabaf05022807aeba4c09a38185b65260dbf78c4ca1d6e7542cd78c2,Ich will sicherlich keine zusätzliche Arbeit.,2,0,fourties,Deutschland Deutsch,common_voice_de_42711528.mp3,3420,de
853d72391fef60049ee139a1e170b719bd0d9b8d4d13ebcd50a8a1e05303c73a1129284a7460e29bf4e30a19659e3d6ca4ef9eeaeec9336653e646c5c4fc0e7e,Dabei bestritt er jeweils alle Spiele.,2,0,thirties,Deutschland Deutsch,common_voice_de_43284034.mp3,3456,de
33e129d97af826fba5ee1b848e4b2aeac9f45023e40f2e3fec2c4d79a4a6b9bddb4c74b15521a69bb03164376e93799465f73812c3c258d7becf620ef04d2868,Dort stimulieren sie eine Lipolyse.,2,0,fourties,Deutschland Deutsch,common_voice_de_43120976.mp3,3456,de
99ce6957879aa6b31d830ae361c888dd4069970d9af947b0c2c8f10c56ef3acc1a7fe486560d2087ea6133e840fff04b0c984173db0365258e988d35b938f354,Sie liegt im Delta des Roten Flusses.,4,2,thirties,Deutschland Deutsch,common_voice_de_42753752.mp3,3456,de
99ce6957879aa6b31d830ae361c888dd4069970d9af947b0c2c8f10c56ef3acc1a7fe486560d2087ea6133e840fff04b0c984173db0365258e988d35b938f354,Hast du dich gegen Covid impfen lassen?,4,0,thirties,Deutschland Deutsch,common_voice_de_42753730.mp3,3456,de
33e129d97af826fba5ee1b848e4b2aeac9f45023e40f2e3fec2c4d79a4a6b9bddb4c74b15521a69bb03164376e93799465f73812c3c258d7becf620ef04d2868,China ist ständiges Mitglied im Sicherheitsrat.,2,0,fourties,Deutschland Deutsch,common_voice_de_43120995.mp3,3456,de
960b39334ffd9c59a4ffdec23fdf5987415553060c38c56bc12949149752108d3e244acdec8c0690d3058786e02aabefccccca670e8dc45e1f9b74ca014c9cb0,"Die Kommission muss etwas tun, um dies zu verhindern.",2,0,twenties,Deutschland Deutsch,common_voice_de_42705828.mp3,3456,de
33e129d97af826fba5ee1b848e4b2aeac9f45023e40f2e3fec2c4d79a4a6b9bddb4c74b15521a69bb03164376e93799465f73812c3c258d7becf620ef04d2868,Unterpräfektur ist Forbach.,2,0,fourties,Deutschland Deutsch,common_voice_de_43121000.mp3,3492,de
33e129d97af826fba5ee1b848e4b2aeac9f45023e40f2e3fec2c4d79a4a6b9bddb4c74b15521a69bb03164376e93799465f73812c3c258d7becf620ef04d2868,Das Ordensband war breit und rot.,2,0,fourties,Deutschland Deutsch,common_voice_de_43209669.mp3,3492,de
6d370b3e762a5130896a6718d6729da55da99dd48e47eef9652964d38d487d943c3816f0feacd4c45b451934495279ff51322d4a53f2af74b58ec9f9bc5c88e1,Ich habe für diesen Text gestimmt.,4,0,fourties,Deutschland Deutsch,common_voice_de_43264067.mp3,3492,de
853d72391fef60049ee139a1e170b719bd0d9b8d4d13ebcd50a8a1e05303c73a1129284a7460e29bf4e30a19659e3d6ca4ef9eeaeec9336653e646c5c4fc0e7e,"Ich meine, dass wir das nicht länger dulden können.",2,0,thirties,Deutschland Deutsch,common_voice_de_42854055.mp3,3492,de
33e129d97af826fba5ee1b848e4b2aeac9f45023e40f2e3fec2c4d79a4a6b9bddb4c74b15521a69bb03164376e93799465f73812c3c258d7becf620ef04d2868,Es wird dazu namentliche Anträge geben.,2,0,fourties,Deutschland Deutsch,common_voice_de_42871229.mp3,3492,de
99ce6957879aa6b31d830ae361c888dd4069970d9af947b0c2c8f10c56ef3acc1a7fe486560d2087ea6133e840fff04b0c984173db0365258e988d35b938f354,Ich bin für den vorgelegten Bericht.,4,0,thirties,Deutschland Deutsch,common_voice_de_42967950.mp3,3492,de
33e129d97af826fba5ee1b848e4b2aeac9f45023e40f2e3fec2c4d79a4a6b9bddb4c74b15521a69bb03164376e93799465f73812c3c258d7becf620ef04d2868,Geschäftsführer ist Julian Zuber.,2,0,fourties,Deutschland Deutsch,common_voice_de_42871351.mp3,3492,de
960b39334ffd9c59a4ffdec23fdf5987415553060c38c56bc12949149752108d3e244acdec8c0690d3058786e02aabefccccca670e8dc45e1f9b74ca014c9cb0,Der Flugplatz wird von der City of Berlin betrieben.,2,0,twenties,Deutschland Deutsch,common_voice_de_42705837.mp3,3528,de
6ca5f9175be918e688e06663867d9f33fabc8cacbb9ac8c709f2f68026d6bc739092e7b292796ad9577145e7d5c61f0ffa332ed8913dd93a54a9fa5b4489e1a4,Die beiden beginnen eine homoerotische Beziehung.,2,0,,Deutschland Deutsch,common_voice_de_42856621.mp3,3528,de
16e49d82c2fa9f8b90965bffd885af6fc798f3fe031985757ad6f2dd17d8268e192409cb3f4a6d21938168bd994468eca47a02dc104a26c57b6755e506305659,Ich möchte nur auf zwei dieser Themen eingehen.,2,0,thirties,Deutschland Deutsch,common_voice_de_43211902.mp3,3564,de
9d18b8e042afdf65e6f7d1044b68b974cbdc378d17140666ebaaabe97fce1fd1b09c85a327fdd8b1affe9fde3eb558487c965cecd5873a8d7fedef35c1882ca3,Sprache: Englisch.,2,0,,Deutschland Deutsch,common_voice_de_43204505.mp3,3564,de
99ce6957879aa6b31d830ae361c888dd4069970d9af947b0c2c8f10c56ef3acc1a7fe486560d2087ea6133e840fff04b0c984173db0365258e988d35b938f354,Er sei daraufhin enthauptet worden.,4,0,thirties,Deutschland Deutsch,common_voice_de_42753753.mp3,3564,de
33e129d97af826fba5ee1b848e4b2aeac9f45023e40f2e3fec2c4d79a4a6b9bddb4c74b15521a69bb03164376e93799465f73812c3c258d7becf620ef04d2868,In dem Zusammenhang wurde sie auch umbenannt.,2,0,,Deutschland Deutsch,common_voice_de_42744600.mp3,3564,de
33e129d97af826fba5ee1b848e4b2aeac9f45023e40f2e3fec2c4d79a4a6b9bddb4c74b15521a69bb03164376e93799465f73812c3c258d7becf620ef04d2868,Sollte es diese etwa noch geben?,2,0,,Deutschland Deutsch,common_voice_de_42744597.mp3,3600,de
33e129d97af826fba5ee1b848e4b2aeac9f45023e40f2e3fec2c4d79a4a6b9bddb4c74b15521a69bb03164376e93799465f73812c3c258d7becf620ef04d2868,Sie will mit ihm eine Praxis eröffnen.,2,0,,Deutschland Deutsch,common_voice_de_42744599.mp3,3600,de
da27ba25a17ee9ea237a914eb4a5a532e95dbddf25ccc8c5a1022eb852f07245d662979a4ad7cd4c9a28f6f0913f223ed6140f390d37b8ba2b6f2e5b9c7d4f71,Robinow war hauptsächlich als Funktionär bekannt.,4,0,thirties,Deutschland Deutsch,common_voice_de_42758896.mp3,3600,de
853d72391fef60049ee139a1e170b719bd0d9b8d4d13ebcd50a8a1e05303c73a1129284a7460e29bf4e30a19659e3d6ca4ef9eeaeec9336653e646c5c4fc0e7e,Sie sprachen das Vorsorgeprinzip an.,2,0,thirties,Deutschland Deutsch,common_voice_de_42718217.mp3,3600,de
853d72391fef60049ee139a1e170b719bd0d9b8d4d13ebcd50a8a1e05303c73a1129284a7460e29bf4e30a19659e3d6ca4ef9eeaeec9336653e646c5c4fc0e7e,Eddi ist eine Kurzform zu Eduard.,2,0,thirties,Deutschland Deutsch,common_voice_de_42721251.mp3,3636,de
33e129d97af826fba5ee1b848e4b2aeac9f45023e40f2e3fec2c4d79a4a6b9bddb4c74b15521a69bb03164376e93799465f73812c3c258d7becf620ef04d2868,Holzheim ist eine ländliche Wohngemeinde.,2,0,fourties,Deutschland Deutsch,common_voice_de_43209677.mp3,3636,de
99ce6957879aa6b31d830ae361c888dd4069970d9af947b0c2c8f10c56ef3acc1a7fe486560d2087ea6133e840fff04b0c984173db0365258e988d35b938f354,Die Toilette an Bord ist barrierefrei.,4,0,thirties,Deutschland Deutsch,common_voice_de_42753674.mp3,3636,de
960b39334ffd9c59a4ffdec23fdf5987415553060c38c56bc12949149752108d3e244acdec8c0690d3058786e02aabefccccca670e8dc45e1f9b74ca014c9cb0,Bei Kriegsende hatte er den Rang eines Hauptmanns.,2,0,twenties,Deutschland Deutsch,common_voice_de_42705759.mp3,3636,de
853d72391fef60049ee139a1e170b719bd0d9b8d4d13ebcd50a8a1e05303c73a1129284a7460e29bf4e30a19659e3d6ca4ef9eeaeec9336653e646c5c4fc0e7e,Der Sitz des Gerichts war Oppeln.,2,0,thirties,Deutschland Deutsch,common_voice_de_42706758.mp3,3636,de
16e49d82c2fa9f8b90965bffd885af6fc798f3fe031985757ad6f2dd17d8268e192409cb3f4a6d21938168bd994468eca47a02dc104a26c57b6755e506305659,Die Türen waren vorne angeschlagen.,2,0,thirties,Deutschland Deutsch,common_voice_de_43211885.mp3,3672,de
534bcfba42bc74666812ef2858564e1d5766b1ad4f93f99d158cb508dae166665921085feceed2783a92e9211c2df261cec32f118d532ff4f59906948ff28cb9,Alles frisch?,4,0,thirties,Österreichisches Deutsch,common_voice_de_43208783.mp3,2880,de
534bcfba42bc74666812ef2858564e1d5766b1ad4f93f99d158cb508dae166665921085feceed2783a92e9211c2df261cec32f118d532ff4f59906948ff28cb9,Ich werde das nicht alles wiederholen.,2,0,thirties,Österreichisches Deutsch,common_voice_de_43208401.mp3,3600,de
534bcfba42bc74666812ef2858564e1d5766b1ad4f93f99d158cb508dae166665921085feceed2783a92e9211c2df261cec32f118d532ff4f59906948ff28cb9,Sprecher war Carlo Bonomi.,4,0,thirties,Österreichisches Deutsch,common_voice_de_43208404.mp3,3636,de
534bcfba42bc74666812ef2858564e1d5766b1ad4f93f99d158cb508dae166665921085feceed2783a92e9211c2df261cec32f118d532ff4f59906948ff28cb9,Entscheidend ist der politische Wille.,4,0,thirties,Österreichisches Deutsch,common_voice_de_43208440.mp3,3636,de
534bcfba42bc74666812ef2858564e1d5766b1ad4f93f99d158cb508dae166665921085feceed2783a92e9211c2df261cec32f118d532ff4f59906948ff28cb9,Das Gemälde gilt als verschollen.,4,2,thirties,Österreichisches Deutsch,common_voice_de_43208433.mp3,3636,de
534bcfba42bc74666812ef2858564e1d5766b1ad4f93f99d158cb508dae166665921085feceed2783a92e9211c2df261cec32f118d532ff4f59906948ff28cb9,Geburtstag aus der Haft entlassen.,4,0,thirties,Österreichisches Deutsch,common_voice_de_43208835.mp3,3672,de
9f11c0735decd9a3b40b2f485a7b41aa66b489ae46736047fb4b72e2239619dae19619d55dee5463d202b36b6fedccc887ec418357473e395538dc0ed877b12d,Die Einzelfragen der Datierung seiner Laufbahn sind jedoch umstritten.,4,0,fourties,Österreichisches Deutsch,common_voice_de_43193790.mp3,3888,de
534bcfba42bc74666812ef2858564e1d5766b1ad4f93f99d158cb508dae166665921085feceed2783a92e9211c2df261cec32f118d532ff4f59906948ff28cb9,Doch dann werden die Zuschauer beschuldigt.,2,0,thirties,Österreichisches Deutsch,common_voice_de_43208822.mp3,4032,de
534bcfba42bc74666812ef2858564e1d5766b1ad4f93f99d158cb508dae166665921085feceed2783a92e9211c2df261cec32f118d532ff4f59906948ff28cb9,Diese zerfallen schnell zu kleineren Fragmenten.,4,0,thirties,Österreichisches Deutsch,common_voice_de_43208454.mp3,4140,de
534bcfba42bc74666812ef2858564e1d5766b1ad4f93f99d158cb508dae166665921085feceed2783a92e9211c2df261cec32f118d532ff4f59906948ff28cb9,Er lebte und arbeitete in Frankfurt am Main.,2,0,thirties,Österreichisches Deutsch,common_voice_de_43208776.mp3,4428,de
534bcfba42bc74666812ef2858564e1d5766b1ad4f93f99d158cb508dae166665921085feceed2783a92e9211c2df261cec32f118d532ff4f59906948ff28cb9,Nach der Ausleihe kehrte er zu Mirassol zurück.,4,0,thirties,Österreichisches Deutsch,common_voice_de_43208738.mp3,4428,de
534bcfba42bc74666812ef2858564e1d5766b1ad4f93f99d158cb508dae166665921085feceed2783a92e9211c2df261cec32f118d532ff4f59906948ff28cb9,Es ist bis heute als Kulturdenkmal erhalten.,4,0,thirties,Österreichisches Deutsch,common_voice_de_43208355.mp3,4428,de
534bcfba42bc74666812ef2858564e1d5766b1ad4f93f99d158cb508dae166665921085feceed2783a92e9211c2df261cec32f118d532ff4f59906948ff28cb9,Das Schiff hat einen dieselelektrischen Antrieb.,2,0,thirties,Österreichisches Deutsch,common_voice_de_43208425.mp3,4464,de
534bcfba42bc74666812ef2858564e1d5766b1ad4f93f99d158cb508dae166665921085feceed2783a92e9211c2df261cec32f118d532ff4f59906948ff28cb9,Offizielle Biografie von der Region Pays de la Loire,2,0,thirties,Österreichisches Deutsch,common_voice_de_43208405.mp3,4608,de
2ac2c781744316344551e54631e853e27fb84be6363464ade315db605021a586afb0139919be64586542a23bd88a13f3c42aa8e3515c96d81d2919cf142fd62c,Bundesliga auf der Bank.,2,0,,Österreichisches Deutsch,common_voice_de_42814632.mp3,4608,de
534bcfba42bc74666812ef2858564e1d5766b1ad4f93f99d158cb508dae166665921085feceed2783a92e9211c2df261cec32f118d532ff4f59906948ff28cb9,Bagge besuchte das Realgymnasium in Sonneberg.,4,0,thirties,Österreichisches Deutsch,common_voice_de_43208687.mp3,4680,de
534bcfba42bc74666812ef2858564e1d5766b1ad4f93f99d158cb508dae166665921085feceed2783a92e9211c2df261cec32f118d532ff4f59906948ff28cb9,Marek Harloff wuchs in einer Künstlerfamilie auf.,4,0,thirties,Österreichisches Deutsch,common_voice_de_43208803.mp3,4716,de
534bcfba42bc74666812ef2858564e1d5766b1ad4f93f99d158cb508dae166665921085feceed2783a92e9211c2df261cec32f118d532ff4f59906948ff28cb9,"Naki sei auf der ganz rechten Spur gefahren, sagt er.",2,0,thirties,Österreichisches Deutsch,common_voice_de_43208806.mp3,4824,de
534bcfba42bc74666812ef2858564e1d5766b1ad4f93f99d158cb508dae166665921085feceed2783a92e9211c2df261cec32f118d532ff4f59906948ff28cb9,Das Ergebnis dieser Prüfung ist noch nicht abgeschlossen.,4,0,thirties,Österreichisches Deutsch,common_voice_de_43208453.mp3,4860,de
534bcfba42bc74666812ef2858564e1d5766b1ad4f93f99d158cb508dae166665921085feceed2783a92e9211c2df261cec32f118d532ff4f59906948ff28cb9,Von den ursprünglichen Bebauungen ist nichts erhalten geblieben.,4,0,thirties,Österreichisches Deutsch,common_voice_de_43208775.mp3,4860,de
534bcfba42bc74666812ef2858564e1d5766b1ad4f93f99d158cb508dae166665921085feceed2783a92e9211c2df261cec32f118d532ff4f59906948ff28cb9,Dennoch gelangen Janka im Weltcup vier Podestplatzierungen.,2,0,thirties,Österreichisches Deutsch,common_voice_de_43208419.mp3,4932,de
534bcfba42bc74666812ef2858564e1d5766b1ad4f93f99d158cb508dae166665921085feceed2783a92e9211c2df261cec32f118d532ff4f59906948ff28cb9,Auf dem Gemeindegebiet förderte man Eisenerz.,4,0,thirties,Österreichisches Deutsch,common_voice_de_43208805.mp3,5040,de
48287ead75ab6b1d1c02eac65c1b3d595fde6ccef85324f805b026690898d69e4938caebb482026ae520eb514f7e6f94d87a1c29e8a475b310cbdf6106abef31,Ich gehe mit dem Berichterstatter nicht konform.,2,0,,Österreichisches Deutsch,common_voice_de_43343047.mp3,5040,de
534bcfba42bc74666812ef2858564e1d5766b1ad4f93f99d158cb508dae166665921085feceed2783a92e9211c2df261cec32f118d532ff4f59906948ff28cb9,Sie konnte weder empirisch belegt noch theoretisch begründet werden.,2,0,thirties,Österreichisches Deutsch,common_voice_de_43208763.mp3,5076,de
534bcfba42bc74666812ef2858564e1d5766b1ad4f93f99d158cb508dae166665921085feceed2783a92e9211c2df261cec32f118d532ff4f59906948ff28cb9,Die neue Ansiedlung sollte den Namen Bourg Dauphin tragen.,2,0,thirties,Österreichisches Deutsch,common_voice_de_43208389.mp3,5076,de
534bcfba42bc74666812ef2858564e1d5766b1ad4f93f99d158cb508dae166665921085feceed2783a92e9211c2df261cec32f118d532ff4f59906948ff28cb9,Physikalischen Instituts wurde Konrad Samwer.,4,0,thirties,Österreichisches Deutsch,common_voice_de_43208366.mp3,5076,de
534bcfba42bc74666812ef2858564e1d5766b1ad4f93f99d158cb508dae166665921085feceed2783a92e9211c2df261cec32f118d532ff4f59906948ff28cb9,Beigesetzt wurde Lipper auf dem Johannisfriedhof in Osnabrück.,2,0,thirties,Österreichisches Deutsch,common_voice_de_43208353.mp3,5112,de
534bcfba42bc74666812ef2858564e1d5766b1ad4f93f99d158cb508dae166665921085feceed2783a92e9211c2df261cec32f118d532ff4f59906948ff28cb9,"Meinst du nicht, dass das alles ziemlich konstruiert klingt?",4,0,thirties,Österreichisches Deutsch,common_voice_de_43208436.mp3,5220,de
534bcfba42bc74666812ef2858564e1d5766b1ad4f93f99d158cb508dae166665921085feceed2783a92e9211c2df261cec32f118d532ff4f59906948ff28cb9,Zudem musste sie den Siebenkampf am ersten Tag beenden.,2,0,thirties,Österreichisches Deutsch,common_voice_de_43208739.mp3,5292,de
9f11c0735decd9a3b40b2f485a7b41aa66b489ae46736047fb4b72e2239619dae19619d55dee5463d202b36b6fedccc887ec418357473e395538dc0ed877b12d,In diese Zeit fällt Greves extensive Beschäftigung mit Oscar Wilde.,2,0,fourties,Österreichisches Deutsch,common_voice_de_43193786.mp3,5364,de
534bcfba42bc74666812ef2858564e1d5766b1ad4f93f99d158cb508dae166665921085feceed2783a92e9211c2df261cec32f118d532ff4f59906948ff28cb9,"Was sich zurzeit im Kärntner Ortstafelstreit abspielt, ist grotesk.",4,0,thirties,Österreichisches Deutsch,common_voice_de_43208740.mp3,5400,de
9f11c0735decd9a3b40b2f485a7b41aa66b489ae46736047fb4b72e2239619dae19619d55dee5463d202b36b6fedccc887ec418357473e395538dc0ed877b12d,Ein wichtiger Teil der Hoopa-Religion war die Rezitation von magischen Formeln.,2,0,fourties,Österreichisches Deutsch,common_voice_de_43193787.mp3,5436,de
534bcfba42bc74666812ef2858564e1d5766b1ad4f93f99d158cb508dae166665921085feceed2783a92e9211c2df261cec32f118d532ff4f59906948ff28cb9,Makowski begann seine Karriere bei Ural Jekaterinburg.,4,0,thirties,Österreichisches Deutsch,common_voice_de_43208455.mp3,5472,de
534bcfba42bc74666812ef2858564e1d5766b1ad4f93f99d158cb508dae166665921085feceed2783a92e9211c2df261cec32f118d532ff4f59906948ff28cb9,Zwei Lokomotiven wurden in Stuttgart und zwei in München stationiert.,4,0,thirties,Österreichisches Deutsch,common_voice_de_43208677.mp3,5544,de
48287ead75ab6b1d1c02eac65c1b3d595fde6ccef85324f805b026690898d69e4938caebb482026ae520eb514f7e6f94d87a1c29e8a475b310cbdf6106abef31,In diesem Falle müsste die Gaspipeline über Land geführt werden.,2,0,seventies,Österreichisches Deutsch,common_voice_de_43344423.mp3,5544,de
534bcfba42bc74666812ef2858564e1d5766b1ad4f93f99d158cb508dae166665921085feceed2783a92e9211c2df261cec32f118d532ff4f59906948ff28cb9,Heute wird das Areal als Innovationspark Wuhlheide bezeichnet.,2,0,thirties,Österreichisches Deutsch,common_voice_de_43208367.mp3,5580,de
534bcfba42bc74666812ef2858564e1d5766b1ad4f93f99d158cb508dae166665921085feceed2783a92e9211c2df261cec32f118d532ff4f59906948ff28cb9,Jedoch hat er darüber hinaus keinen großen Gebrauch von dem Begriff gemacht.,4,0,thirties,Österreichisches Deutsch,common_voice_de_43208352.mp3,5652,de
534bcfba42bc74666812ef2858564e1d5766b1ad4f93f99d158cb508dae166665921085feceed2783a92e9211c2df261cec32f118d532ff4f59906948ff28cb9,Für das Dresdner Hygienemuseum drehte er kurze Lehrfilme.,2,0,thirties,Österreichisches Deutsch,common_voice_de_43208402.mp3,5688,de
534bcfba42bc74666812ef2858564e1d5766b1ad4f93f99d158cb508dae166665921085feceed2783a92e9211c2df261cec32f118d532ff4f59906948ff28cb9,Über einem Rundbogenportal erhob sich ein Erker über zwei Etagen.,4,0,thirties,Österreichisches Deutsch,common_voice_de_43208403.mp3,5760,de
534bcfba42bc74666812ef2858564e1d5766b1ad4f93f99d158cb508dae166665921085feceed2783a92e9211c2df261cec32f118d532ff4f59906948ff28cb9,Bekannt ist sie vor allem durch das dort gebraute Dithmarscher Pilsener.,4,0,thirties,Österreichisches Deutsch,common_voice_de_43208421.mp3,5796,de
534bcfba42bc74666812ef2858564e1d5766b1ad4f93f99d158cb508dae166665921085feceed2783a92e9211c2df261cec32f118d532ff4f59906948ff28cb9,Darunter waren auch drei Neugründungen in den neuen Ländern.,4,0,thirties,Österreichisches Deutsch,common_voice_de_43208684.mp3,5832,de
48287ead75ab6b1d1c02eac65c1b3d595fde6ccef85324f805b026690898d69e4938caebb482026ae520eb514f7e6f94d87a1c29e8a475b310cbdf6106abef31,"Und es gibt eine schweigende Mehrheit in Europa, die auch so denkt.",2,0,seventies,Österreichisches Deutsch,common_voice_de_43344421.mp3,5832,de
9f11c0735decd9a3b40b2f485a7b41aa66b489ae46736047fb4b72e2239619dae19619d55dee5463d202b36b6fedccc887ec418357473e395538dc0ed877b12d,"Die Sprache vollzieht sich nach „Gepflogenheiten“, die wir alle in Sprachspielen beherrschen.",2,0,fourties,Österreichisches Deutsch,common_voice_de_43193789.mp3,5832,de
534bcfba42bc74666812ef2858564e1d5766b1ad4f93f99d158cb508dae166665921085feceed2783a92e9211c2df261cec32f118d532ff4f59906948ff28cb9,Der Vergleich ist zügig geschlossen und Clay über Nacht mehrfacher Millionär.,4,0,thirties,Österreichisches Deutsch,common_voice_de_43208451.mp3,5868,de
534bcfba42bc74666812ef2858564e1d5766b1ad4f93f99d158cb508dae166665921085feceed2783a92e9211c2df261cec32f118d532ff4f59906948ff28cb9,Eine wichtige Regel betrifft die Begrenzung der nicht-polnischen Spieler.,4,0,thirties,Österreichisches Deutsch,common_voice_de_43208423.mp3,5868,de
9f11c0735decd9a3b40b2f485a7b41aa66b489ae46736047fb4b72e2239619dae19619d55dee5463d202b36b6fedccc887ec418357473e395538dc0ed877b12d,Das südliche Italien ging an eine Zweiglinie des spanischen Hauses Bourbon über.,4,0,fourties,Österreichisches Deutsch,common_voice_de_43193792.mp3,5904,de
534bcfba42bc74666812ef2858564e1d5766b1ad4f93f99d158cb508dae166665921085feceed2783a92e9211c2df261cec32f118d532ff4f59906948ff28cb9,Er bestand aus je einer Wagen- und einer Lokomotiv-Reparatur-Werkstatt.,4,0,thirties,Österreichisches Deutsch,common_voice_de_43208351.mp3,6084,de
534bcfba42bc74666812ef2858564e1d5766b1ad4f93f99d158cb508dae166665921085feceed2783a92e9211c2df261cec32f118d532ff4f59906948ff28cb9,"Der Draht muss häufig getrocknet werden, bevor er weiter bearbeitet oder verkauft wird.",4,0,thirties,Österreichisches Deutsch,common_voice_de_43208742.mp3,6084,de
48287ead75ab6b1d1c02eac65c1b3d595fde6ccef85324f805b026690898d69e4938caebb482026ae520eb514f7e6f94d87a1c29e8a475b310cbdf6106abef31,Daneben schrieb er für weitere Zeitschriften.,2,0,,Österreichisches Deutsch,common_voice_de_43343024.mp3,6120,de
48287ead75ab6b1d1c02eac65c1b3d595fde6ccef85324f805b026690898d69e4938caebb482026ae520eb514f7e6f94d87a1c29e8a475b310cbdf6106abef31,Selbstverständlich gilt dieses Prinzip.,2,0,seventies,Österreichisches Deutsch,common_voice_de_43344378.mp3,6264,de
534bcfba42bc74666812ef2858564e1d5766b1ad4f93f99d158cb508dae166665921085feceed2783a92e9211c2df261cec32f118d532ff4f59906948ff28cb9,"Namensgebend war der Ort Dörnberg, Gemeinde Habichtswald, im Landkreis Kassel.",4,0,thirties,Österreichisches Deutsch,common_voice_de_43208675.mp3,6336,de
534bcfba42bc74666812ef2858564e1d5766b1ad4f93f99d158cb508dae166665921085feceed2783a92e9211c2df261cec32f118d532ff4f59906948ff28cb9,"Auch ein Flugzeug, drehbar auf einer Stange gelagert, kann so die Windrichtung anzeigen.",2,0,thirties,Österreichisches Deutsch,common_voice_de_43208686.mp3,6372,de
534bcfba42bc74666812ef2858564e1d5766b1ad4f93f99d158cb508dae166665921085feceed2783a92e9211c2df261cec32f118d532ff4f59906948ff28cb9,"Nur wenn wir eine ehrliche Untersuchung durchführen, können wir echte Fortschritte erzielen.",4,0,thirties,Österreichisches Deutsch,common_voice_de_43208390.mp3,6372,de
9c0bc58b12680cd64e4b709d65869acc69e6c37adb080f0f7fbba6b5bcaee6e2601b5ab717da1005b257d550f31dca6340c51807cd0a966992bb2774cea6007e,Der Kraterboden weist nur wenige niedrige Hügel nahe seinem Mittelpunkt auf.,2,0,,Österreichisches Deutsch,common_voice_de_43360226.mp3,6444,de
534bcfba42bc74666812ef2858564e1d5766b1ad4f93f99d158cb508dae166665921085feceed2783a92e9211c2df261cec32f118d532ff4f59906948ff28cb9,Er pflegte eine altmodische Malweise beeinflusst vom französischen Impressionismus.,2,0,thirties,Österreichisches Deutsch,common_voice_de_43208676.mp3,6624,de
48287ead75ab6b1d1c02eac65c1b3d595fde6ccef85324f805b026690898d69e4938caebb482026ae520eb514f7e6f94d87a1c29e8a475b310cbdf6106abef31,Die Deutung ist nach wie vor umstritten.,2,0,seventies,Österreichisches Deutsch,common_voice_de_43344320.mp3,6696,de
48287ead75ab6b1d1c02eac65c1b3d595fde6ccef85324f805b026690898d69e4938caebb482026ae520eb514f7e6f94d87a1c29e8a475b310cbdf6106abef31,Die Braustätte gehört mittlerweile der Constellation Brands.,2,0,seventies,Österreichisches Deutsch,common_voice_de_43344342.mp3,6768,de
be8802ac0d6aab40f3814bce5ca22dc0ee8c3ae21c79c5891abe7538b60fe4c961bbe071ca85381a87c6cb5dad7d24f8f6f4c98e3cf0cfb1643dab797194f7b5,Platz im Teamsprint.,2,0,,Schweizerdeutsch,common_voice_de_43201004.mp3,3420,de
0e56db6d15de585c76803f7158d51e560af423ab477f4be1b5f579b59a77e0c206b5ca067ff8bb0da9e26b6a4ade2a4cdba8ff3096ce1eba3d62bc76d49ca6ef,Das Gemeindezentrum ist unterkellert.,2,0,,Schweizerdeutsch,common_voice_de_43201032.mp3,3780,de
db36f8ff6ba0dfd2fc2aacac08065f90b9cf9c2c356194717b2853293820b6cde308d2d0af006407b10005f182228e4094700c0745382a2ec9257f3abdd4cccd,Armee-Korps zu werden.,2,0,,Schweizerdeutsch,common_voice_de_43336645.mp3,3780,de
55ea1b5ff0914e0b2ab32926656263300e35c5c76acc2badeeaccfb054713853caf4f88bed4934468b2954bdf7122db2727c988f8e87ded04ed2db97d4f305db,Im selben Jahr kam es zu ihrer ersten Konzerttournee.,2,0,fifties,Schweizerdeutsch,common_voice_de_43344992.mp3,4968,de
55ea1b5ff0914e0b2ab32926656263300e35c5c76acc2badeeaccfb054713853caf4f88bed4934468b2954bdf7122db2727c988f8e87ded04ed2db97d4f305db,"Zu dieser Zeit nahm er seine erste Single ""Love Falling Down"" auf.",2,0,,Schweizerdeutsch,common_voice_de_43344904.mp3,5220,de
55ea1b5ff0914e0b2ab32926656263300e35c5c76acc2badeeaccfb054713853caf4f88bed4934468b2954bdf7122db2727c988f8e87ded04ed2db97d4f305db,Aus diesem Grund brauchen wir die Maßnahme der dritten Säule.,2,0,fifties,Schweizerdeutsch,common_voice_de_43344991.mp3,5364,de
55ea1b5ff0914e0b2ab32926656263300e35c5c76acc2badeeaccfb054713853caf4f88bed4934468b2954bdf7122db2727c988f8e87ded04ed2db97d4f305db,Die Umweltbilanz tierischer Produkte fällt häufig sehr negativ aus.,2,0,,Schweizerdeutsch,common_voice_de_43344905.mp3,5652,de
be8802ac0d6aab40f3814bce5ca22dc0ee8c3ae21c79c5891abe7538b60fe4c961bbe071ca85381a87c6cb5dad7d24f8f6f4c98e3cf0cfb1643dab797194f7b5,Sie führte auch bei zwei Episoden der Serie Regie.,2,0,,Schweizerdeutsch,common_voice_de_43201003.mp3,5688,de
0e56db6d15de585c76803f7158d51e560af423ab477f4be1b5f579b59a77e0c206b5ca067ff8bb0da9e26b6a4ade2a4cdba8ff3096ce1eba3d62bc76d49ca6ef,Allerdings war Haiku zuletzt das einzige verbliebene aktive Projekt dieser Gruppe.,2,0,,Schweizerdeutsch,common_voice_de_43201028.mp3,6156,de
de7d9616c5f1c5fd6153e5a85ef9ac212f467aca5647665fd14aa6c3d86e896a4ce4a0e8879203d4e4d6a2ef1f5947269b8f5280f2830197ef53e18007395306,Laura Tonke lebt in Berlin und hat einen Sohn.,2,0,,Schweizerdeutsch,common_voice_de_43336399.mp3,6336,de
0e56db6d15de585c76803f7158d51e560af423ab477f4be1b5f579b59a77e0c206b5ca067ff8bb0da9e26b6a4ade2a4cdba8ff3096ce1eba3d62bc76d49ca6ef,Die Fachhochschulreife wird ohne Prüfung vergeben und ermöglicht ein Studium an den Fachhochschulen.,2,0,,Schweizerdeutsch,common_voice_de_43201030.mp3,7164,de
db36f8ff6ba0dfd2fc2aacac08065f90b9cf9c2c356194717b2853293820b6cde308d2d0af006407b10005f182228e4094700c0745382a2ec9257f3abdd4cccd,Zu der Zeit war Osterwald eine der reichsten Gemeinden Deutschlands.,2,0,,Schweizerdeutsch,common_voice_de_43336642.mp3,7596,de
db36f8ff6ba0dfd2fc2aacac08065f90b9cf9c2c356194717b2853293820b6cde308d2d0af006407b10005f182228e4094700c0745382a2ec9257f3abdd4cccd,Er wurde damit verbunden auch zum Privatdozenten an der Universität Wien bestellt.,2,0,,Schweizerdeutsch,common_voice_de_43336793.mp3,8316,de
55ea1b5ff0914e0b2ab32926656263300e35c5c76acc2badeeaccfb054713853caf4f88bed4934468b2954bdf7122db2727c988f8e87ded04ed2db97d4f305db,"Seine Aufgabe bestand angesichts neuer Schwierigkeiten in Italien darin, die nötigen Rüstungen zu leiten.",2,0,fifties,Schweizerdeutsch,common_voice_de_43344976.mp3,9216,de
29c3a9adfb0f6cf8b54ae0e86f75d60eb75c84b0c8f95f9f89a2b63e51dd3b16e50b9ef45a78124c32a7a0d7c2acac81f1796467ec41f9d0871bf7a58c1968cb,Zelo blizu stoji.,2,0,,,common_voice_sl_42738026.mp3,2736,sl
34cb0f02ecc9e80bf829da74a081d3e04d7b69c1234c7b1084b8527bb3c9a217e19fb86506a4944812ad6d919555d49897c73ad1a7fb4d95573153369f39b51f,"Veš, kaj hočem.",2,0,,,common_voice_sl_42697514.mp3,3168,sl
cd45ed877c39090f821f417e86e5cc08c8b8872adc8f4709e46dbca627bb683f5e2e669e6aeec0ac02e272260fc8e987cc8eef954876ce222186de35b72e36bd,"Stari, ti imaš dober klobuk!",2,0,,,common_voice_sl_42720374.mp3,4356,sl
868a7b84a37445ebe7a208d6302befe31156c69ca28279111c81dda99afaa76a406b15e2bafae79f51576e4d64b3cc37e0872e9dda827727f9f8fade93b6811c,Pokaži mi ta par rokavic.,2,0,,,common_voice_sl_42737577.mp3,4608,sl
5269b144313688bf68c4c5044695de67b9702efb1c91b2a4246f44f391cf5e8b0c253b44fc11815bbb4a0bcd56632acc088e29a1b09aa240e8a8660d8476f9b2,Okrogla preproga pokriva madež.,2,0,,,common_voice_sl_42710272.mp3,5256,sl
ce233396ab50031756c534fe0c149ab18b71aa7c557c98a1e993a4dd52c6118f2aeb3f96d2c16ef083a2f2859dc1f1911a0506143c85025b44d15350b4f72f23,"Benedikt ne zahteva, da mu jamčiš z življenjem.",2,0,,,common_voice_sl_42707518.mp3,5688,sl
a6c10efee6a13cad6718afaaadceded0663d64c3b9ea3020508b23d1d3052e42f7cdd3e8ec823fd7b3806466076c2a015a412054b973729bc3cec882e0d3e687,Stroj se je uporabil za izdelavo medeninastih predmetov.,2,0,,,common_voice_sl_42731357.mp3,7416,sl
